mean_fit_time,std_fit_time,mean_score_time,std_score_time,param_weights,param_p,param_n_neighbors,param_leaf_size,param_algorithm,params,split0_test_score,split1_test_score,split2_test_score,split3_test_score,split4_test_score,mean_test_score,std_test_score,rank_test_score
0.06321420669555664,0.005015251005761241,2.4165579319000243,0.17546870289547675,uniform,2,39,36,ball_tree,"{'weights': 'uniform', 'p': 2, 'n_neighbors': 39, 'leaf_size': 36, 'algorithm': 'ball_tree'}",0.8792703933945941,0.8734730478171049,0.8694537445782926,0.8786666769452681,0.8643752451874731,0.8730478215845465,0.005632117252592006,1
0.12480454444885254,0.016930596946097075,2.2213196754455566,0.07823334107489818,uniform,2,56,10,kd_tree,"{'weights': 'uniform', 'p': 2, 'n_neighbors': 56, 'leaf_size': 10, 'algorithm': 'kd_tree'}",0.8789356368465078,0.8746760524069509,0.8687399154368898,0.8768935111188771,0.8657447617677139,0.8729979755153879,0.004979701739595923,2
0.07086014747619629,0.007264933525890286,2.0858973979949953,0.06478966023624304,uniform,2,41,9,ball_tree,"{'weights': 'uniform', 'p': 2, 'n_neighbors': 41, 'leaf_size': 9, 'algorithm': 'ball_tree'}",0.8795358013994707,0.8730262420024435,0.8693367181418814,0.8782598156361512,0.8644734272454889,0.8729264008850872,0.005594247793291394,3
0.06627182960510254,0.011825258708160846,2.3899815559387205,0.0681568413233703,uniform,2,40,46,ball_tree,"{'weights': 'uniform', 'p': 2, 'n_neighbors': 40, 'leaf_size': 46, 'algorithm': 'ball_tree'}",0.8794441928300455,0.8732320402255797,0.869224723949305,0.8783894759112408,0.8642494393879435,0.872907974460823,0.005681735496833054,4
0.10989727973937988,0.02079669870292405,1.716704511642456,0.049678246146573526,uniform,2,40,30,kd_tree,"{'weights': 'uniform', 'p': 2, 'n_neighbors': 40, 'leaf_size': 30, 'algorithm': 'kd_tree'}",0.8794441928300455,0.8732320402255797,0.869224723949305,0.8783894759112408,0.8642494393879435,0.872907974460823,0.005681735496833054,4
0.06435303688049317,0.006536688555486164,2.3920814037322997,0.15564028650498085,uniform,2,57,40,ball_tree,"{'weights': 'uniform', 'p': 2, 'n_neighbors': 57, 'leaf_size': 40, 'algorithm': 'ball_tree'}",0.8788012205343606,0.8747223917884476,0.8685935520896125,0.8766123485405243,0.8657033261554433,0.8728865678216776,0.004944972259271584,6
0.09084086418151856,0.012654166816332064,1.5562078952789307,0.042898948262749495,uniform,2,38,23,kd_tree,"{'weights': 'uniform', 'p': 2, 'n_neighbors': 38, 'leaf_size': 23, 'algorithm': 'kd_tree'}",0.8789566126404414,0.8731469598369197,0.87004166055481,0.8781316543237795,0.8635328281400699,0.8727619430992041,0.005655660302723901,7
0.11009101867675782,0.007371409652949775,2.040150022506714,0.05909906908196481,uniform,2,42,16,kd_tree,"{'weights': 'uniform', 'p': 2, 'n_neighbors': 42, 'leaf_size': 16, 'algorithm': 'kd_tree'}",0.8794064149970934,0.872993601098618,0.8687929146006808,0.8780451427612093,0.8645639003523847,0.8727603947619972,0.005569128316229963,8
0.059022378921508786,0.007379502842738369,2.33205041885376,0.02490191786194932,uniform,2,52,38,ball_tree,"{'weights': 'uniform', 'p': 2, 'n_neighbors': 52, 'leaf_size': 38, 'algorithm': 'ball_tree'}",0.8789939623959666,0.8736105676905994,0.8683594992167901,0.8766256250674533,0.8661990545399726,0.8727577417821564,0.0048360975318429405,9
0.11614017486572266,0.0042060806993191886,2.0780531406402587,0.07054881565557516,uniform,2,53,14,kd_tree,"{'weights': 'uniform', 'p': 2, 'n_neighbors': 53, 'leaf_size': 14, 'algorithm': 'kd_tree'}",0.8790033800993654,0.8739105429477242,0.8683903350939048,0.8764764782770323,0.8658571839715489,0.8727275840779152,0.004916367388174759,10
0.10551924705505371,0.031376652702183726,2.374620723724365,0.1296400047944151,uniform,2,51,4,ball_tree,"{'weights': 'uniform', 'p': 2, 'n_neighbors': 51, 'leaf_size': 4, 'algorithm': 'ball_tree'}",0.879003487118722,0.8732688548843206,0.8679946080042656,0.8767473622538916,0.8664453127007539,0.8726919249923908,0.004851807662421679,11
0.08305015563964843,0.0026834557479826797,1.54388427734375,0.025256652541422505,uniform,2,36,56,kd_tree,"{'weights': 'uniform', 'p': 2, 'n_neighbors': 36, 'leaf_size': 56, 'algorithm': 'kd_tree'}",0.8792157065032667,0.8731913728699936,0.869104485442361,0.8779752268573006,0.8636878637125965,0.8726349310771037,0.005738450182816917,12
0.06312146186828613,0.0061074865480994795,2.2004693508148194,0.07181682103268949,uniform,2,36,33,ball_tree,"{'weights': 'uniform', 'p': 2, 'n_neighbors': 36, 'leaf_size': 33, 'algorithm': 'ball_tree'}",0.8792157065032667,0.8731913728699936,0.869104485442361,0.8779752268573006,0.8636878637125965,0.8726349310771037,0.005738450182816917,12
0.08040909767150879,0.0067896882562915786,1.4872278690338134,0.02220793697462546,uniform,2,45,60,kd_tree,"{'weights': 'uniform', 'p': 2, 'n_neighbors': 45, 'leaf_size': 60, 'algorithm': 'kd_tree'}",0.8787896624438257,0.8729724112659706,0.8678691231154515,0.8774809974354888,0.865421521164497,0.8725067430850467,0.005218103439227005,14
0.07229785919189453,0.014315437253394616,2.2934671878814696,0.060825430119718464,uniform,1,53,26,ball_tree,"{'weights': 'uniform', 'p': 1, 'n_neighbors': 53, 'leaf_size': 26, 'algorithm': 'ball_tree'}",0.8797938250687277,0.8736879426855694,0.8652945415144057,0.8799130644451183,0.8638015707416183,0.8724981888910879,0.006886884688667176,15
0.06772933006286622,0.03192795840763748,2.3664137840271,0.13350698950736808,uniform,2,32,50,ball_tree,"{'weights': 'uniform', 'p': 2, 'n_neighbors': 32, 'leaf_size': 50, 'algorithm': 'ball_tree'}",0.8784107069013787,0.873495414862677,0.8697819111177256,0.877137949110644,0.8636555289453983,0.8724963021875649,0.0053488407307437005,16
0.08204407691955566,0.0032344633901982317,1.708185577392578,0.018405575159016866,uniform,1,50,39,kd_tree,"{'weights': 'uniform', 'p': 1, 'n_neighbors': 50, 'leaf_size': 39, 'algorithm': 'kd_tree'}",0.8789565056210847,0.8743204270842876,0.8653971136334192,0.88002580785525,0.8637218045112781,0.872484331741064,0.006769707331658217,17
0.017171478271484374,0.010362791090659023,0.2699286937713623,0.04865290254886567,uniform,2,59,10,brute,"{'weights': 'uniform', 'p': 2, 'n_neighbors': 59, 'leaf_size': 10, 'algorithm': 'brute'}",0.8786063382856185,0.8739027305346773,0.8686143234790579,0.8758199326066362,0.8654410076798283,0.8724768665171636,0.00480004482344561,18
0.08773903846740723,0.006604905769125985,1.843056058883667,0.15964281227627922,uniform,1,52,58,kd_tree,"{'weights': 'uniform', 'p': 1, 'n_neighbors': 52, 'leaf_size': 58, 'algorithm': 'kd_tree'}",0.8793530123380476,0.8738664509727202,0.8653498961965874,0.8798300861518116,0.8638925791923419,0.8724584049703017,0.006749283754391488,19
0.10639376640319824,0.031858857292253205,1.5900819778442383,0.08385397440189046,uniform,2,33,36,kd_tree,"{'weights': 'uniform', 'p': 2, 'n_neighbors': 33, 'leaf_size': 36, 'algorithm': 'kd_tree'}",0.8783672570425158,0.8729132295616572,0.8695192708171615,0.8775403135316077,0.8635465329420613,0.8723773207790007,0.0054584666754168235,20
0.010502052307128907,0.0064790746760626725,1.1859834671020508,0.03135519471171112,uniform,1,48,2,brute,"{'weights': 'uniform', 'p': 1, 'n_neighbors': 48, 'leaf_size': 2, 'algorithm': 'brute'}",0.8787310158362963,0.8739957303557409,0.8650967850386038,0.8800251654426566,0.863719448998436,0.8723136291343467,0.006773815464662431,21
0.11654076576232911,0.0036391958393507426,1.9393576622009276,0.03753480408383015,uniform,1,48,5,kd_tree,"{'weights': 'uniform', 'p': 1, 'n_neighbors': 48, 'leaf_size': 5, 'algorithm': 'kd_tree'}",0.8787310158362963,0.8739957303557409,0.8650967850386038,0.8800251654426566,0.863719448998436,0.8723136291343467,0.006773815464662431,21
0.06700735092163086,0.006284655920929079,2.493222713470459,0.2649357619698487,uniform,1,51,46,ball_tree,"{'weights': 'uniform', 'p': 1, 'n_neighbors': 51, 'leaf_size': 46, 'algorithm': 'ball_tree'}",0.8788866219810909,0.8738480436433498,0.865272057020676,0.8798676672885221,0.8636653792718296,0.8723079538410936,0.006737921901525881,23
0.020177078247070313,0.005661221285253557,0.22089076042175293,0.029099784332660025,uniform,2,39,5,brute,"{'weights': 'uniform', 'p': 2, 'n_neighbors': 39, 'leaf_size': 5, 'algorithm': 'brute'}",0.8785428758070329,0.8728854045288881,0.8689530898512491,0.8778818628937346,0.8632471686735637,0.8723020803508936,0.005720645612137688,24
0.055771827697753906,0.006201495982552624,2.247408056259155,0.06043539063723674,uniform,2,35,49,ball_tree,"{'weights': 'uniform', 'p': 2, 'n_neighbors': 35, 'leaf_size': 49, 'algorithm': 'ball_tree'}",0.879424715307107,0.8725362003676328,0.8686949464494307,0.877547915413962,0.8633026302941222,0.872301281566451,0.0058703839657683575,25
0.014507770538330078,0.005482540719555368,1.422087049484253,0.019961092702581375,uniform,1,54,22,brute,"{'weights': 'uniform', 'p': 1, 'n_neighbors': 54, 'leaf_size': 22, 'algorithm': 'brute'}",0.8792070379353656,0.8735169257533949,0.8653219511829522,0.8797367221882457,0.8636605611773795,0.8722886396474676,0.006750190240428144,26
0.08262848854064941,0.0022400484953304816,1.7538750648498536,0.035411673663306394,uniform,1,54,57,kd_tree,"{'weights': 'uniform', 'p': 1, 'n_neighbors': 54, 'leaf_size': 57, 'algorithm': 'kd_tree'}",0.8792070379353656,0.8735169257533949,0.8653219511829522,0.8797367221882457,0.8636605611773795,0.8722886396474676,0.006750190240428144,26
0.10247559547424316,0.0055849520641550075,1.697109079360962,0.019913938243783354,uniform,1,55,21,kd_tree,"{'weights': 'uniform', 'p': 1, 'n_neighbors': 55, 'leaf_size': 21, 'algorithm': 'kd_tree'}",0.8788209120960127,0.8733560756601169,0.8651132736673386,0.8799890832686639,0.8638329418899264,0.8722224573164118,0.006724130218211173,28
0.01610722541809082,0.009437233423887496,1.470692014694214,0.10971509758061838,uniform,1,47,38,brute,"{'weights': 'uniform', 'p': 1, 'n_neighbors': 47, 'leaf_size': 38, 'algorithm': 'brute'}",0.8779451726992764,0.8739320538384419,0.8653479689542676,0.8801636053565217,0.8632699743206274,0.872131755033827,0.006724558443899341,29
0.08296046257019044,0.0021330353064233274,1.697777795791626,0.048335578984391225,uniform,1,46,43,kd_tree,"{'weights': 'uniform', 'p': 1, 'n_neighbors': 46, 'leaf_size': 43, 'algorithm': 'kd_tree'}",0.878100350766644,0.8738990918765458,0.8649807222233523,0.8799333004418086,0.8635991037059498,0.8721025138028601,0.006686566517756301,30
0.14093270301818847,0.03014745026790673,2.075925350189209,0.09042881222158498,uniform,1,46,6,kd_tree,"{'weights': 'uniform', 'p': 1, 'n_neighbors': 46, 'leaf_size': 6, 'algorithm': 'kd_tree'}",0.878100350766644,0.8738990918765458,0.8649807222233523,0.8799333004418086,0.8635991037059498,0.8721025138028601,0.006686566517756301,30
0.01384420394897461,0.006621643294161929,0.9864038467407227,0.026540926505250882,uniform,1,46,55,brute,"{'weights': 'uniform', 'p': 1, 'n_neighbors': 46, 'leaf_size': 55, 'algorithm': 'brute'}",0.878100350766644,0.8738990918765458,0.8649807222233523,0.8799333004418086,0.8635991037059498,0.8721025138028601,0.006686566517756301,30
0.11299648284912109,0.020890243416205583,1.6370150566101074,0.03313698033237837,uniform,1,44,12,kd_tree,"{'weights': 'uniform', 'p': 1, 'n_neighbors': 44, 'leaf_size': 12, 'algorithm': 'kd_tree'}",0.8778288426584293,0.8739853494781308,0.8647718305697036,0.8800858734327273,0.8637241600241204,0.8720792112326222,0.00669332439046089,33
0.018753957748413087,0.00624718871078061,1.5040341377258302,0.10116920472733164,uniform,1,56,37,brute,"{'weights': 'uniform', 'p': 1, 'n_neighbors': 56, 'leaf_size': 37, 'algorithm': 'brute'}",0.8789130557622218,0.8730065504407913,0.8648890711441503,0.8796419663307277,0.8637745894126978,0.8720450466181179,0.006714397600605146,34
0.060881185531616214,0.01536592966457023,2.3329318523406983,0.04719952288081578,uniform,1,56,47,ball_tree,"{'weights': 'uniform', 'p': 1, 'n_neighbors': 56, 'leaf_size': 47, 'algorithm': 'ball_tree'}",0.8789130557622218,0.8730065504407913,0.8648890711441503,0.8796419663307277,0.8637745894126978,0.8720450466181179,0.006714397600605146,34
0.13431825637817382,0.009636371721180741,3.3286411285400392,0.07129050663711894,uniform,2,31,3,kd_tree,"{'weights': 'uniform', 'p': 2, 'n_neighbors': 31, 'leaf_size': 3, 'algorithm': 'kd_tree'}",0.8780277916427299,0.8728453792894428,0.8689758955520318,0.8771761726599479,0.8628766036759705,0.8719803685640246,0.005589657285879315,36
0.08878884315490723,0.012490975888494106,1.7714036464691163,0.061387053277315626,uniform,1,57,58,kd_tree,"{'weights': 'uniform', 'p': 1, 'n_neighbors': 57, 'leaf_size': 58, 'algorithm': 'kd_tree'}",0.878861365412885,0.8728126313662605,0.864723114166623,0.8793379981053112,0.8640956886406036,0.8719661595383366,0.006588025514130526,37
0.010945367813110351,0.006246856439586321,1.242037010192871,0.05839521451941761,uniform,1,59,1,brute,"{'weights': 'uniform', 'p': 1, 'n_neighbors': 59, 'leaf_size': 1, 'algorithm': 'brute'}",0.8781884276972945,0.8726404372211611,0.8648596271642665,0.8793874638749984,0.8644634698502922,0.8719078851616026,0.00634071297121655,38
0.10434250831604004,0.01725824644510991,1.7527237415313721,0.06662416338075075,uniform,1,58,23,kd_tree,"{'weights': 'uniform', 'p': 1, 'n_neighbors': 58, 'leaf_size': 23, 'algorithm': 'kd_tree'}",0.8782877416604096,0.8728698867221512,0.8646802865595191,0.8793429232685268,0.8641144256745761,0.8718590527770365,0.006478766501721346,39
0.017001581192016602,0.0027301907747310523,1.381964921951294,0.03135134602812354,uniform,1,42,25,brute,"{'weights': 'uniform', 'p': 1, 'n_neighbors': 42, 'leaf_size': 25, 'algorithm': 'brute'}",0.8778651222203864,0.8733391666017415,0.8646022332455725,0.8792033055982403,0.8635712658269049,0.8717162186985691,0.0065337353935912505,40
0.023747682571411133,0.0078001778707138016,0.21593847274780273,0.0387256354050304,uniform,2,32,5,brute,"{'weights': 'uniform', 'p': 2, 'n_neighbors': 32, 'leaf_size': 5, 'algorithm': 'brute'}",0.8775155970010609,0.8729556092269521,0.8693078095070864,0.8760306439372525,0.8624027173196147,0.8716424753983933,0.005409208724300544,41
0.06424512863159179,0.002374060519568329,2.2646982192993166,0.061983895163740574,uniform,2,30,58,ball_tree,"{'weights': 'uniform', 'p': 2, 'n_neighbors': 30, 'leaf_size': 58, 'algorithm': 'ball_tree'}",0.8775960755573783,0.8722795679500142,0.8692462448218746,0.8765026030558281,0.8623846226982358,0.8716018228166662,0.005493879813949525,42
0.06213631629943848,0.0063099060422500824,2.3347625732421875,0.04500643427568547,uniform,1,37,35,ball_tree,"{'weights': 'uniform', 'p': 1, 'n_neighbors': 37, 'leaf_size': 35, 'algorithm': 'ball_tree'}",0.877000940914185,0.8741240465645501,0.8643386293238485,0.8785135686105214,0.8638084231426139,0.8715571217111439,0.006273203105809245,43
0.020757627487182618,0.008815333112012937,1.415572738647461,0.04250584009198616,uniform,1,39,21,brute,"{'weights': 'uniform', 'p': 1, 'n_neighbors': 39, 'leaf_size': 21, 'algorithm': 'brute'}",0.8771714227495756,0.8747101915817719,0.8636455715718909,0.8790197897340755,0.8631243607994696,0.8715342672873568,0.006794926200565012,44
0.08915553092956544,0.014685451472845,1.9875691413879395,0.06493212661789467,uniform,2,25,6,ball_tree,"{'weights': 'uniform', 'p': 2, 'n_neighbors': 25, 'leaf_size': 6, 'algorithm': 'ball_tree'}",0.8783642605005253,0.872241255020278,0.8678766179466947,0.8771263856839638,0.8617962798314995,0.8714809597965922,0.006109222815627552,45
0.016951227188110353,0.0027545345044587065,1.4162261009216308,0.10636026828052514,uniform,1,38,23,brute,"{'weights': 'uniform', 'p': 1, 'n_neighbors': 38, 'leaf_size': 23, 'algorithm': 'brute'}",0.8768535752598643,0.8746181549349195,0.8641923730455889,0.8786574690314303,0.8630261787414538,0.8714695502026514,0.006554623462456229,46
0.020952606201171876,0.00748098248225678,1.4485266208648682,0.07053270925199272,uniform,1,41,46,brute,"{'weights': 'uniform', 'p': 1, 'n_neighbors': 41, 'leaf_size': 46, 'algorithm': 'brute'}",0.8774383290254475,0.8733839006928861,0.8639983639854086,0.8791143314540624,0.8631553036727155,0.871418045766104,0.006673316928412647,47
0.0648158073425293,0.002839391814377838,2.4335843563079833,0.08283851909329877,uniform,1,41,38,ball_tree,"{'weights': 'uniform', 'p': 1, 'n_neighbors': 41, 'leaf_size': 38, 'algorithm': 'ball_tree'}",0.8774383290254475,0.8733839006928861,0.8639983639854086,0.8791143314540624,0.8631553036727155,0.871418045766104,0.006673316928412647,47
0.09699716567993164,0.020111983023014007,1.6328799724578857,0.04395643550713242,uniform,1,41,40,kd_tree,"{'weights': 'uniform', 'p': 1, 'n_neighbors': 41, 'leaf_size': 40, 'algorithm': 'kd_tree'}",0.8774383290254475,0.8733839006928861,0.8639983639854086,0.8791143314540624,0.8631553036727155,0.871418045766104,0.006673316928412647,47
0.06527547836303711,0.007998603892337293,2.2175132751464846,0.08675247619755237,uniform,2,27,19,ball_tree,"{'weights': 'uniform', 'p': 2, 'n_neighbors': 27, 'leaf_size': 19, 'algorithm': 'ball_tree'}",0.8784252615339042,0.872205617574462,0.8682129217314773,0.8764330083582161,0.8614837461048384,0.8713521110605795,0.006063210121384769,50
0.09427008628845215,0.022195789495084137,1.6096824645996093,0.03890530653611028,uniform,1,32,49,kd_tree,"{'weights': 'uniform', 'p': 1, 'n_neighbors': 32, 'leaf_size': 49, 'algorithm': 'kd_tree'}",0.8778639450074615,0.8734277786291762,0.8648121955893988,0.8771196403517337,0.8630138658334147,0.8712474850822369,0.006200304285972027,51
0.019077444076538087,0.00611284055990086,0.21939220428466796,0.0408059355782835,uniform,2,31,18,brute,"{'weights': 'uniform', 'p': 2, 'n_neighbors': 31, 'leaf_size': 18, 'algorithm': 'brute'}",0.8771287220262103,0.8722390076137851,0.868363139563394,0.8760309651435492,0.8615662961230828,0.8710656260940042,0.005662742298491241,52
0.08794336318969727,0.006225539350013933,1.5914705753326417,0.0338984944534755,uniform,1,26,54,kd_tree,"{'weights': 'uniform', 'p': 1, 'n_neighbors': 26, 'leaf_size': 54, 'algorithm': 'kd_tree'}",0.877634602525828,0.8727174911580607,0.8648738673436284,0.8758820324906593,0.8635802596032117,0.8709376506242776,0.005716022733501396,53
0.07036032676696777,0.025055802683025565,2.136114168167114,0.09343308209101321,uniform,1,28,22,ball_tree,"{'weights': 'uniform', 'p': 1, 'n_neighbors': 28, 'leaf_size': 22, 'algorithm': 'ball_tree'}",0.8777340235083,0.8732640390132644,0.8646551253403456,0.875580419778085,0.862994914661911,0.8708457044603811,0.005927444318700473,54
0.10831127166748047,0.00921185204143729,2.038178825378418,0.07730979702250139,uniform,1,28,1,ball_tree,"{'weights': 'uniform', 'p': 1, 'n_neighbors': 28, 'leaf_size': 1, 'algorithm': 'ball_tree'}",0.8777340235083,0.8732640390132644,0.8646551253403456,0.875580419778085,0.862994914661911,0.8708457044603811,0.005927444318700473,54
0.06918067932128906,0.00964282320419476,2.161875820159912,0.05530280509816196,uniform,2,22,25,ball_tree,"{'weights': 'uniform', 'p': 2, 'n_neighbors': 22, 'leaf_size': 25, 'algorithm': 'ball_tree'}",0.877096937277239,0.8708456155881827,0.8667855846557249,0.8769029331702461,0.8615426339258946,0.8706347409234576,0.005976237905410219,56
0.02327098846435547,0.009635631605365236,1.372692918777466,0.02867925000829244,uniform,1,24,41,brute,"{'weights': 'uniform', 'p': 1, 'n_neighbors': 24, 'leaf_size': 41, 'algorithm': 'brute'}",0.877794382425538,0.8701276227233772,0.8643716065813184,0.8753051459818377,0.8621134175150795,0.8699424350454301,0.006046051372434841,57
0.01564326286315918,0.00988326892129505,0.19441781044006348,0.018447596329687635,uniform,2,23,40,brute,"{'weights': 'uniform', 'p': 2, 'n_neighbors': 23, 'leaf_size': 40, 'algorithm': 'brute'}",0.8762868007462246,0.8705190995305703,0.8667144908279325,0.8753138185518479,0.8604247289447131,0.8698517877202576,0.005837817185386211,58
0.016451168060302734,0.00026458036656468344,1.2731744289398192,0.11004200652539096,uniform,1,22,19,brute,"{'weights': 'uniform', 'p': 1, 'n_neighbors': 22, 'leaf_size': 19, 'algorithm': 'brute'}",0.8767891496070677,0.8689691381859619,0.8644519083446379,0.8756652182404061,0.8619887894719711,0.8695728407700087,0.005887247511020503,59
0.009363174438476562,0.007645060929074363,1.3682266235351563,0.03012191993970989,uniform,1,22,4,brute,"{'weights': 'uniform', 'p': 1, 'n_neighbors': 22, 'leaf_size': 4, 'algorithm': 'brute'}",0.8767891496070677,0.8689691381859619,0.8644519083446379,0.8756652182404061,0.8619887894719711,0.8695728407700087,0.005887247511020503,59
0.08382453918457031,0.002950632720681785,1.4761608123779297,0.032049161063933684,uniform,1,22,45,kd_tree,"{'weights': 'uniform', 'p': 1, 'n_neighbors': 22, 'leaf_size': 45, 'algorithm': 'kd_tree'}",0.8767891496070677,0.8689691381859619,0.8644519083446379,0.8756652182404061,0.8619887894719711,0.8695728407700087,0.005887247511020503,59
0.09462647438049317,0.006640809683149599,1.4714835166931153,0.023657060846090573,uniform,2,19,32,kd_tree,"{'weights': 'uniform', 'p': 2, 'n_neighbors': 19, 'leaf_size': 32, 'algorithm': 'kd_tree'}",0.8757304071101948,0.8693487358445495,0.8651786928371897,0.8749405768351157,0.8610077183731715,0.8692412262000442,0.005637347839707866,62
0.10028023719787597,0.001077106128709283,1.5463347434997559,0.2120556276122366,uniform,2,18,19,kd_tree,"{'weights': 'uniform', 'p': 2, 'n_neighbors': 18, 'leaf_size': 19, 'algorithm': 'kd_tree'}",0.8762005431446397,0.868929648043301,0.8647869273012077,0.874032098359364,0.8614620111454302,0.8690822455987884,0.005508397602175621,63
0.016932964324951172,0.002593423595688851,1.1935420989990235,0.07013640407406017,uniform,1,19,58,brute,"{'weights': 'uniform', 'p': 1, 'n_neighbors': 19, 'leaf_size': 58, 'algorithm': 'brute'}",0.8761246664206649,0.8684224833114016,0.8651143443575163,0.8745871428400118,0.859937673130194,0.8688372620119578,0.0059900289156141475,64
0.0730679988861084,0.009541842585715693,2.2636642456054688,0.07484317909726906,uniform,2,16,50,ball_tree,"{'weights': 'uniform', 'p': 2, 'n_neighbors': 16, 'leaf_size': 50, 'algorithm': 'ball_tree'}",0.8745966440442015,0.8681033515894087,0.8643636834740043,0.8728540207319392,0.8610087890608271,0.8681852977800762,0.005079686277709711,65
0.020708131790161132,0.011509627864115506,1.2617327690124511,0.06622527124428536,uniform,1,17,53,brute,"{'weights': 'uniform', 'p': 1, 'n_neighbors': 17, 'leaf_size': 53, 'algorithm': 'brute'}",0.8741898634689853,0.868411246278937,0.8637099200515643,0.8742041578656141,0.8582760729575134,0.8677582521245227,0.0061586108986225645,66
0.09479274749755859,0.013246929128717244,1.6021684646606444,0.193579058239798,uniform,1,15,40,kd_tree,"{'weights': 'uniform', 'p': 1, 'n_neighbors': 15, 'leaf_size': 40, 'algorithm': 'kd_tree'}",0.8726662288861511,0.8685110953388362,0.8637725554269537,0.8737905512242671,0.8590632425218893,0.8675607346796195,0.005519738140102178,67
0.07880573272705078,0.02041044141597235,2.214142179489136,0.16008862300800783,uniform,1,15,31,ball_tree,"{'weights': 'uniform', 'p': 1, 'n_neighbors': 15, 'leaf_size': 31, 'algorithm': 'ball_tree'}",0.8726662288861511,0.8685110953388362,0.8637725554269537,0.8737905512242671,0.8590632425218893,0.8675607346796195,0.005519738140102178,67
0.06248650550842285,0.005997828547721025,2.247103786468506,0.0348544045606882,uniform,2,14,35,ball_tree,"{'weights': 'uniform', 'p': 2, 'n_neighbors': 14, 'leaf_size': 35, 'algorithm': 'ball_tree'}",0.8743419379750054,0.8663521938540067,0.8638508228789359,0.8713801121052803,0.8612187509100845,0.8674287635446627,0.004815185453952119,69
0.09375343322753907,0.019251487708054613,1.6626730918884278,0.03353871858605445,distance,2,59,37,kd_tree,"{'weights': 'distance', 'p': 2, 'n_neighbors': 59, 'leaf_size': 37, 'algorithm': 'kd_tree'}",0.8734564598167999,0.8672392773025643,0.8652446473521297,0.8686170955413139,0.8605765524542731,0.8670268064934163,0.004211804205654745,70
0.09379887580871582,0.013735112675897514,1.7561175346374511,0.09394793106495583,distance,2,55,49,kd_tree,"{'weights': 'distance', 'p': 2, 'n_neighbors': 55, 'leaf_size': 49, 'algorithm': 'kd_tree'}",0.8731290876043332,0.8672625005029909,0.8648573787148934,0.8691226742522744,0.8607013946349126,0.8670146071418809,0.004156983426246965,71
0.10020327568054199,0.0008124326957104037,1.7436952590942383,0.026539872341879163,distance,2,55,31,kd_tree,"{'weights': 'distance', 'p': 2, 'n_neighbors': 55, 'leaf_size': 31, 'algorithm': 'kd_tree'}",0.8731290876043332,0.8672625005029909,0.8648573787148934,0.8691226742522744,0.8607013946349126,0.8670146071418809,0.004156983426246965,71
0.09898896217346191,0.0030851331538340873,1.784125804901123,0.1460779153434126,distance,2,55,23,kd_tree,"{'weights': 'distance', 'p': 2, 'n_neighbors': 55, 'leaf_size': 23, 'algorithm': 'kd_tree'}",0.8731290876043332,0.8672625005029909,0.8648573787148934,0.8691226742522744,0.8607013946349126,0.8670146071418809,0.004156983426246965,71
0.10355305671691895,0.00628831036189257,1.7666024208068847,0.07651325748885202,distance,2,55,22,kd_tree,"{'weights': 'distance', 'p': 2, 'n_neighbors': 55, 'leaf_size': 22, 'algorithm': 'kd_tree'}",0.8731290876043332,0.8672625005029909,0.8648573787148934,0.8691226742522744,0.8607013946349126,0.8670146071418809,0.004156983426246965,71
0.08633718490600586,0.007160237163969442,1.697131872177124,0.05102152467150208,distance,2,57,36,kd_tree,"{'weights': 'distance', 'p': 2, 'n_neighbors': 57, 'leaf_size': 36, 'algorithm': 'kd_tree'}",0.8731665443792149,0.8674782515263101,0.8649756899795178,0.8688526468255395,0.8605889724310777,0.8670124210283321,0.004168587974415543,75
0.09771914482116699,0.0032926194284470718,1.6680005073547364,0.060202529266813715,distance,1,53,19,kd_tree,"{'weights': 'distance', 'p': 1, 'n_neighbors': 53, 'leaf_size': 19, 'algorithm': 'kd_tree'}",0.8743798228273145,0.8665944856778136,0.862839234799144,0.8717502488278112,0.8593273811665184,0.8669782346597203,0.0055384071523234,76
0.09367389678955078,0.00827272034544665,1.616102361679077,0.037759886137791604,distance,1,53,25,kd_tree,"{'weights': 'distance', 'p': 1, 'n_neighbors': 53, 'leaf_size': 25, 'algorithm': 'kd_tree'}",0.8743798228273145,0.8665944856778136,0.862839234799144,0.8717502488278112,0.8593273811665184,0.8669782346597203,0.0055384071523234,76
0.052716827392578124,0.0057687961371010385,2.2481372356414795,0.059961107988782986,distance,2,58,34,ball_tree,"{'weights': 'distance', 'p': 2, 'n_neighbors': 58, 'leaf_size': 34, 'algorithm': 'ball_tree'}",0.8732504475549502,0.8673162242201071,0.8649930351603946,0.8688057507062256,0.8603992465785105,0.8669529408440375,0.004243008573772084,78
0.08475184440612793,0.0006546751214416947,1.3222987174987793,0.028765646436802707,uniform,2,13,38,kd_tree,"{'weights': 'uniform', 'p': 2, 'n_neighbors': 13, 'leaf_size': 38, 'algorithm': 'kd_tree'}",0.8748364744228018,0.8650276152748301,0.8641516868188402,0.8703322300967731,0.8603136986348304,0.8669323410496151,0.005083325989097123,79
0.08584680557250976,0.007180490223724865,1.6371076107025146,0.026827045403832083,distance,2,53,28,kd_tree,"{'weights': 'distance', 'p': 2, 'n_neighbors': 53, 'leaf_size': 28, 'algorithm': 'kd_tree'}",0.8730631636805412,0.866585389032485,0.8646559818924877,0.8688591780202386,0.8607647793441224,0.866785698393975,0.004111767761108563,80
0.014948654174804687,0.007965314164398343,1.3950986862182617,0.026218116113044976,distance,1,55,27,brute,"{'weights': 'distance', 'p': 1, 'n_neighbors': 55, 'leaf_size': 27, 'algorithm': 'brute'}",0.8736819496015884,0.8663549763572836,0.8627203881894309,0.87190185819984,0.8592053227737834,0.8667728990243851,0.005438877013384408,81
0.14509682655334472,0.01841991706760961,5.026204538345337,0.10810146498087352,distance,2,51,2,kd_tree,"{'weights': 'distance', 'p': 2, 'n_neighbors': 51, 'leaf_size': 2, 'algorithm': 'kd_tree'}",0.873263717955194,0.8660030967121085,0.8644114362559249,0.8690463342224324,0.861127956596892,0.8667705083485103,0.00413119078310681,82
0.1284574508666992,0.011552128265256518,3.644850158691406,0.04134757634369307,distance,2,51,3,kd_tree,"{'weights': 'distance', 'p': 2, 'n_neighbors': 51, 'leaf_size': 3, 'algorithm': 'kd_tree'}",0.873263717955194,0.8660030967121085,0.8644114362559249,0.8690463342224324,0.861127956596892,0.8667705083485103,0.00413119078310681,82
0.016928863525390626,0.0022876494591845785,1.383909273147583,0.05239960901629591,distance,1,48,55,brute,"{'weights': 'distance', 'p': 1, 'n_neighbors': 48, 'leaf_size': 55, 'algorithm': 'brute'}",0.8735796390964826,0.86655574467065,0.8627364485420946,0.8715701591641443,0.8592669943827443,0.8667417971712231,0.005329526651214027,84
0.0573056697845459,0.006047155706722903,2.4305721282958985,0.08492500980569975,distance,1,48,60,ball_tree,"{'weights': 'distance', 'p': 1, 'n_neighbors': 48, 'leaf_size': 60, 'algorithm': 'ball_tree'}",0.8735796390964826,0.86655574467065,0.8627364485420946,0.8715701591641443,0.8592669943827443,0.8667417971712231,0.005329526651214027,84
0.023327112197875977,0.009701425302850548,0.23497729301452636,0.042647278710887984,uniform,2,15,11,brute,"{'weights': 'uniform', 'p': 2, 'n_neighbors': 15, 'leaf_size': 11, 'algorithm': 'brute'}",0.8733785497250459,0.8671266929392053,0.8622060286281139,0.8699505299475621,0.8610250635131916,0.8667373729506236,0.004642084388886642,86
0.06346693038940429,0.005242462036381132,2.232825756072998,0.03399751425297036,uniform,1,14,51,ball_tree,"{'weights': 'uniform', 'p': 1, 'n_neighbors': 14, 'leaf_size': 51, 'algorithm': 'ball_tree'}",0.8732759181618699,0.8678406190684522,0.863464732000895,0.8720172783291106,0.8569490626771988,0.8667095220475053,0.005972678540026109,87
0.019627094268798828,0.003598137868516887,1.4345304012298583,0.07357295884114079,distance,1,60,46,brute,"{'weights': 'distance', 'p': 1, 'n_neighbors': 60, 'leaf_size': 46, 'algorithm': 'brute'}",0.8732313981094388,0.8661689767151564,0.8627507957904745,0.8714479937026435,0.8596619710588844,0.8666522270753194,0.005110836432448625,88
0.09081711769104003,0.0075566229509162605,1.7659204959869386,0.030757826497701545,distance,1,60,36,kd_tree,"{'weights': 'distance', 'p': 1, 'n_neighbors': 60, 'leaf_size': 36, 'algorithm': 'kd_tree'}",0.8732313981094388,0.8661689767151564,0.8627507957904745,0.8714479937026435,0.8596619710588844,0.8666522270753194,0.005110836432448625,88
0.06213569641113281,0.005289066689036382,2.410082960128784,0.05110325342550927,distance,1,59,43,ball_tree,"{'weights': 'distance', 'p': 1, 'n_neighbors': 59, 'leaf_size': 43, 'algorithm': 'ball_tree'}",0.8734735829138888,0.8660140126865026,0.8625811984663434,0.8714631974673526,0.8596420562684908,0.8666348095605155,0.005211485412478878,90
0.01780047416687012,0.001034911132197235,1.3912155151367187,0.024182253325078396,distance,1,47,32,brute,"{'weights': 'distance', 'p': 1, 'n_neighbors': 47, 'leaf_size': 32, 'algorithm': 'brute'}",0.8728753447093482,0.8664378093394509,0.8628884865473133,0.8716179118335826,0.858909491774549,0.8665458088408489,0.00524385853485152,91
0.10041546821594238,0.0012041084422334718,1.5941552639007568,0.04032794474165934,distance,2,44,27,kd_tree,"{'weights': 'distance', 'p': 2, 'n_neighbors': 44, 'leaf_size': 27, 'algorithm': 'kd_tree'}",0.8735442156893801,0.8653122867639316,0.8643464453621449,0.8694534096690805,0.8599819995991346,0.8665276714167343,0.0046232578199890155,92
0.05668511390686035,0.008377229906207805,2.313652849197388,0.03887690441676842,distance,2,44,38,ball_tree,"{'weights': 'distance', 'p': 2, 'n_neighbors': 44, 'leaf_size': 38, 'algorithm': 'ball_tree'}",0.8735442156893801,0.8653122867639316,0.8643464453621449,0.8694534096690805,0.8599819995991346,0.8665276714167343,0.0046232578199890155,92
0.06038818359375,0.00603696066018944,2.302512693405151,0.06188581770844561,distance,2,43,50,ball_tree,"{'weights': 'distance', 'p': 2, 'n_neighbors': 43, 'leaf_size': 50, 'algorithm': 'ball_tree'}",0.8735049395854326,0.8653672947133294,0.8645023378520027,0.8696691532316778,0.8595566153935762,0.8665200681552039,0.0047454180482622245,94
0.06728901863098144,0.0009667698650450909,2.24613356590271,0.051894321352753764,distance,2,43,25,ball_tree,"{'weights': 'distance', 'p': 2, 'n_neighbors': 43, 'leaf_size': 25, 'algorithm': 'ball_tree'}",0.8735049395854326,0.8653672947133294,0.8645023378520027,0.8696691532316778,0.8595566153935762,0.8665200681552039,0.0047454180482622245,94
0.060120677947998045,0.005877800755087202,2.3071745872497558,0.050938994022595996,distance,2,40,60,ball_tree,"{'weights': 'distance', 'p': 2, 'n_neighbors': 40, 'leaf_size': 60, 'algorithm': 'ball_tree'}",0.873546998192657,0.8651963848005116,0.8651605981731885,0.8698024538447965,0.8588344365698937,0.8665081743162094,0.004956214752612756,96
0.10939016342163085,0.020687509132268772,1.7673049926757813,0.08947085390048504,distance,2,42,25,kd_tree,"{'weights': 'distance', 'p': 2, 'n_neighbors': 42, 'leaf_size': 25, 'algorithm': 'kd_tree'}",0.8734018799448293,0.8652601683371675,0.8648906771794166,0.8697407822358357,0.8591452571963059,0.866487752978711,0.00482404831084426,97
0.06326689720153808,0.006594764226261757,2.310071563720703,0.04026707425727802,distance,2,42,37,ball_tree,"{'weights': 'distance', 'p': 2, 'n_neighbors': 42, 'leaf_size': 37, 'algorithm': 'ball_tree'}",0.8734018799448293,0.8652601683371675,0.8648906771794166,0.8697407822358357,0.8591452571963059,0.866487752978711,0.00482404831084426,97
0.061621665954589844,0.007007414470020694,2.3953607082366943,0.09013415529601417,distance,2,42,53,ball_tree,"{'weights': 'distance', 'p': 2, 'n_neighbors': 42, 'leaf_size': 53, 'algorithm': 'ball_tree'}",0.8734018799448293,0.8652601683371675,0.8648906771794166,0.8697407822358357,0.8591452571963059,0.866487752978711,0.00482404831084426,97
0.06605005264282227,0.011045598250012233,2.387631368637085,0.14130110287505246,distance,2,45,45,ball_tree,"{'weights': 'distance', 'p': 2, 'n_neighbors': 45, 'leaf_size': 45, 'algorithm': 'ball_tree'}",0.8733382034275303,0.8653980092687324,0.8642630385973102,0.869343021771791,0.8600735433936859,0.8664831632918102,0.004524601771188556,100
0.013892793655395507,0.007446803367783316,1.4062817096710205,0.04008870338667936,distance,1,46,8,brute,"{'weights': 'distance', 'p': 1, 'n_neighbors': 46, 'leaf_size': 8, 'algorithm': 'brute'}",0.8729520775881775,0.8662844506011491,0.8625655663897506,0.8714576298915436,0.8590332632675333,0.8664585975476309,0.005243609736409675,101
0.0678013801574707,0.010301683120804286,2.302176904678345,0.035617499769778065,distance,1,46,52,ball_tree,"{'weights': 'distance', 'p': 1, 'n_neighbors': 46, 'leaf_size': 52, 'algorithm': 'ball_tree'}",0.8729520775881775,0.8662844506011491,0.8625655663897506,0.8714576298915436,0.8590332632675333,0.8664585975476309,0.005243609736409675,101
0.11037726402282715,0.027225291404763194,1.5734962940216064,0.09998834910012865,distance,2,38,24,kd_tree,"{'weights': 'distance', 'p': 2, 'n_neighbors': 38, 'leaf_size': 24, 'algorithm': 'kd_tree'}",0.8731492072434126,0.8650519086688248,0.8654339453755285,0.8696914235349138,0.8582977008481559,0.8663248371341672,0.004995095261140517,103
0.13548603057861328,0.05472933433876453,2.4863614082336425,0.9888886977186442,distance,1,43,38,kd_tree,"{'weights': 'distance', 'p': 1, 'n_neighbors': 43, 'leaf_size': 38, 'algorithm': 'kd_tree'}",0.8725664868456088,0.8657941949276249,0.8624870847997327,0.8708992662791634,0.8588395758706404,0.866117321744554,0.005112872778651427,104
0.07188830375671387,0.02240794639393288,2.5481594085693358,0.23189410711453864,distance,1,43,59,ball_tree,"{'weights': 'distance', 'p': 1, 'n_neighbors': 43, 'leaf_size': 59, 'algorithm': 'ball_tree'}",0.8725664868456088,0.8657941949276249,0.8624870847997327,0.8708992662791634,0.8588395758706404,0.866117321744554,0.005112872778651427,104
0.02472553253173828,0.006479026431387935,0.23937339782714845,0.01113711788556266,uniform,2,13,4,brute,"{'weights': 'uniform', 'p': 2, 'n_neighbors': 13, 'leaf_size': 4, 'algorithm': 'brute'}",0.8733994184996229,0.8649163151437527,0.8634614128613446,0.869262291922561,0.8593747055608947,0.8660828287976352,0.004834727781479034,106
0.01968107223510742,0.0033279441088662964,0.18744335174560547,0.015539345469137095,uniform,2,13,36,brute,"{'weights': 'uniform', 'p': 2, 'n_neighbors': 13, 'leaf_size': 36, 'algorithm': 'brute'}",0.8733994184996229,0.8649163151437527,0.8634614128613446,0.869262291922561,0.8593747055608947,0.8660828287976352,0.004834727781479034,106
0.014380359649658203,0.006566060809341833,1.43259859085083,0.034617275699305235,distance,1,42,48,brute,"{'weights': 'distance', 'p': 1, 'n_neighbors': 42, 'leaf_size': 48, 'algorithm': 'brute'}",0.8724257563914101,0.8656382677247598,0.8622720902120716,0.8707640384282648,0.8587353979617534,0.8659671101436519,0.005114364144924719,108
0.07739505767822266,0.028127370530781248,2.422424650192261,0.2301129244561431,uniform,1,12,42,ball_tree,"{'weights': 'uniform', 'p': 1, 'n_neighbors': 12, 'leaf_size': 42, 'algorithm': 'ball_tree'}",0.8741049971190389,0.8667071770605294,0.8620130902581111,0.8716857934309459,0.8549821023851495,0.865898632050755,0.006866694466329212,109
0.06330184936523438,0.006159367507870654,2.09989070892334,0.09546599959928097,uniform,1,12,30,ball_tree,"{'weights': 'uniform', 'p': 1, 'n_neighbors': 12, 'leaf_size': 30, 'algorithm': 'ball_tree'}",0.8741049971190389,0.8667071770605294,0.8620130902581111,0.8716857934309459,0.8549821023851495,0.865898632050755,0.006866694466329212,109
0.08287315368652344,0.002452583141775456,1.3796343803405762,0.016252998799299274,uniform,1,12,54,kd_tree,"{'weights': 'uniform', 'p': 1, 'n_neighbors': 12, 'leaf_size': 54, 'algorithm': 'kd_tree'}",0.8741049971190389,0.8667071770605294,0.8620130902581111,0.8716857934309459,0.8549821023851495,0.865898632050755,0.006866694466329212,109
0.08001232147216797,0.01936674422118846,2.1766408920288085,0.06279538620341092,distance,2,35,23,ball_tree,"{'weights': 'distance', 'p': 2, 'n_neighbors': 35, 'leaf_size': 23, 'algorithm': 'ball_tree'}",0.8733297488983427,0.8644174979216841,0.8643240679374331,0.8691887356806232,0.8581636507536784,0.8658847402383524,0.005109760477887369,112
0.02178926467895508,0.008132949502771995,0.23179254531860352,0.012933209454193387,distance,2,50,1,brute,"{'weights': 'distance', 'p': 2, 'n_neighbors': 50, 'leaf_size': 1, 'algorithm': 'brute'}",0.872311031640915,0.8644951939747245,0.8638053185463883,0.8683923582024096,0.8600650849612067,0.865813797465129,0.004187682547556129,113
0.08554058074951172,0.024592185036800236,2.050917720794678,0.069645933199596,distance,2,32,5,ball_tree,"{'weights': 'distance', 'p': 2, 'n_neighbors': 32, 'leaf_size': 5, 'algorithm': 'ball_tree'}",0.8723638992031767,0.8649680054930895,0.8647599459087321,0.868815065688829,0.8580274592838899,0.8657868751155433,0.004782485736525296,114
0.06154170036315918,0.013103050180294094,2.3185033321380617,0.11969212101361738,uniform,2,11,42,ball_tree,"{'weights': 'uniform', 'p': 2, 'n_neighbors': 11, 'leaf_size': 42, 'algorithm': 'ball_tree'}",0.8729866448404255,0.8635467884347179,0.8628362368666467,0.869094301029402,0.8604481770043702,0.8657824296351124,0.004582610683687204,115
0.17155203819274903,0.04180008818417233,2.937611770629883,0.14260232553906102,distance,1,40,2,kd_tree,"{'weights': 'distance', 'p': 1, 'n_neighbors': 40, 'leaf_size': 2, 'algorithm': 'kd_tree'}",0.8720762311720847,0.8658575503868535,0.8618854639889418,0.8704592136527237,0.858323076145593,0.8657203070692393,0.005143906867831235,116
0.013740301132202148,0.007267861454243299,1.4099236488342286,0.030314496952257068,distance,1,41,32,brute,"{'weights': 'distance', 'p': 1, 'n_neighbors': 41, 'leaf_size': 32, 'algorithm': 'brute'}",0.8720829733915632,0.8656020951821598,0.8618036632593736,0.8705818073892866,0.8584580898589604,0.8657057258162688,0.0051421885733457795,117
0.010443878173828126,0.00820482865972197,0.23437204360961914,0.028069507798111563,distance,2,44,58,brute,"{'weights': 'distance', 'p': 2, 'n_neighbors': 44, 'leaf_size': 58, 'algorithm': 'brute'}",0.872609187568974,0.8638467636918425,0.8638047832012995,0.8685682721842201,0.8589706280396822,0.8655599269372036,0.004651376879585035,118
0.028179025650024413,0.00627767656859906,0.22555966377258302,0.027764447823299662,distance,2,43,12,brute,"{'weights': 'distance', 'p': 2, 'n_neighbors': 43, 'leaf_size': 12, 'algorithm': 'brute'}",0.8725353442127785,0.8638886082603532,0.8639722391450753,0.8688060719125223,0.858542781252516,0.8655490089566491,0.004769647776569459,119
0.09341459274291992,0.019405361921186637,1.6372329711914062,0.06104152429753968,distance,1,37,55,kd_tree,"{'weights': 'distance', 'p': 1, 'n_neighbors': 37, 'leaf_size': 55, 'algorithm': 'kd_tree'}",0.8717097968943839,0.8656874966288903,0.8617310704653325,0.8699153043236936,0.8585116242417389,0.8655110585108078,0.004922057676395238,120
0.08564577102661133,0.0007279896428460027,1.6616790294647217,0.026160823514458833,distance,1,38,56,kd_tree,"{'weights': 'distance', 'p': 1, 'n_neighbors': 38, 'leaf_size': 56, 'algorithm': 'kd_tree'}",0.8716687014613707,0.8661984070382778,0.861582672806718,0.869924405168766,0.8581222151414079,0.865499280323308,0.005057532409728316,121
0.12027273178100586,0.025922287830598106,1.6205427646636963,0.051954634115720835,distance,1,36,9,kd_tree,"{'weights': 'distance', 'p': 1, 'n_neighbors': 36, 'leaf_size': 9, 'algorithm': 'kd_tree'}",0.8717108670879519,0.8656643804478203,0.8617293573610484,0.8695674379043987,0.8582963089542037,0.8653936703510846,0.004923420003305465,122
0.013550710678100587,0.00986302756391978,1.3712886810302733,0.03596444668388082,distance,1,34,20,brute,"{'weights': 'distance', 'p': 1, 'n_neighbors': 34, 'leaf_size': 20, 'algorithm': 'brute'}",0.8718939772074454,0.8656649155446043,0.861148936215774,0.8687439720284992,0.8581855998506177,0.8651274801693882,0.0049633022609258835,123
0.10337300300598144,0.005464632842190092,1.5606371879577636,0.023534308080503892,distance,1,33,13,kd_tree,"{'weights': 'distance', 'p': 1, 'n_neighbors': 33, 'leaf_size': 13, 'algorithm': 'kd_tree'}",0.8717171812300035,0.8653361520804991,0.861496696385457,0.8687675271569217,0.8579318468762474,0.8650498807458258,0.004932489576847415,124
0.08632445335388184,0.0038668513712396047,1.5143475532531738,0.03070246533247423,distance,2,30,55,kd_tree,"{'weights': 'distance', 'p': 2, 'n_neighbors': 30, 'leaf_size': 55, 'algorithm': 'kd_tree'}",0.8716158338991089,0.8638440882079224,0.8640294140005589,0.8683942854401896,0.8569912477708284,0.8649749738637216,0.004933671691838311,125
0.018752527236938477,0.011695572445884535,0.21159882545471193,0.02872182201839369,uniform,2,11,18,brute,"{'weights': 'uniform', 'p': 2, 'n_neighbors': 11, 'leaf_size': 18, 'algorithm': 'brute'}",0.8717290603786088,0.8633375655921638,0.8620624490752986,0.8680477038460814,0.8596475167755343,0.8649648591335375,0.004349817195553428,126
0.07554559707641602,0.008424284646687066,1.9845239162445067,0.06242675988329953,distance,2,29,12,ball_tree,"{'weights': 'distance', 'p': 2, 'n_neighbors': 29, 'leaf_size': 12, 'algorithm': 'ball_tree'}",0.8718780313232816,0.8640925871544238,0.8634639825177708,0.8685703064907655,0.856686744201584,0.8649383303375651,0.005144479708068613,127
0.06855120658874511,0.010262256836054718,2.374723720550537,0.11094437816034404,distance,2,29,40,ball_tree,"{'weights': 'distance', 'p': 2, 'n_neighbors': 29, 'leaf_size': 40, 'algorithm': 'ball_tree'}",0.8718780313232816,0.8640925871544238,0.8634639825177708,0.8685703064907655,0.856686744201584,0.8649383303375651,0.005144479708068613,127
0.11312179565429688,0.01272856475699923,1.5601242065429688,0.024799832133254863,distance,1,31,12,kd_tree,"{'weights': 'distance', 'p': 1, 'n_neighbors': 31, 'leaf_size': 12, 'algorithm': 'kd_tree'}",0.8716409834479583,0.864788748070441,0.8618380324140744,0.8685291920847915,0.8577502582498626,0.8649094428534255,0.004880948202538184,129
0.05582971572875976,0.006007069911775706,2.254583406448364,0.05116518765606376,uniform,1,11,50,ball_tree,"{'weights': 'uniform', 'p': 1, 'n_neighbors': 11, 'leaf_size': 50, 'algorithm': 'ball_tree'}",0.871716325075149,0.8656439397506706,0.8610008597642125,0.870606111999068,0.8555716230083068,0.8649077719194814,0.006029876580701568,130
0.018749713897705078,0.00624943407149504,0.2176342487335205,0.02369284315188405,distance,2,35,4,brute,"{'weights': 'distance', 'p': 2, 'n_neighbors': 35, 'leaf_size': 4, 'algorithm': 'brute'}",0.8721893506322276,0.8630307410962035,0.8636815467618582,0.8681266135262969,0.856972939011918,0.8648002382057008,0.005124704058994299,131
0.01762986183166504,0.009285337287731435,0.22249083518981932,0.034555987124215426,distance,2,34,32,brute,"{'weights': 'distance', 'p': 2, 'n_neighbors': 34, 'leaf_size': 32, 'algorithm': 'brute'}",0.8715598627754999,0.8631731838601111,0.8636802619336452,0.8681313245519815,0.8573057087352695,0.8647700683713015,0.004834330029137538,132
0.0668400764465332,0.0019314466742148392,2.2235265731811524,0.08489001004891474,distance,1,29,26,ball_tree,"{'weights': 'distance', 'p': 1, 'n_neighbors': 29, 'leaf_size': 26, 'algorithm': 'ball_tree'}",0.8714649366060138,0.8649400734409634,0.8614801006877044,0.8675912696985115,0.8574042119995819,0.864576118486555,0.004851824069182032,133
0.09689435958862305,0.005956398342993112,1.8065574169158936,0.20150549410627114,distance,2,27,17,kd_tree,"{'weights': 'distance', 'p': 2, 'n_neighbors': 27, 'leaf_size': 17, 'algorithm': 'kd_tree'}",0.8718990071172154,0.8638027787361957,0.8632091582555032,0.8679334614732319,0.8559715248476626,0.8645631860859618,0.005317918388346113,134
0.10993447303771972,0.019999341416189642,1.463369607925415,0.05066625685715619,distance,1,27,24,kd_tree,"{'weights': 'distance', 'p': 1, 'n_neighbors': 27, 'leaf_size': 24, 'algorithm': 'kd_tree'}",0.8711869003170342,0.8644603056644061,0.8613374847560487,0.8675804557531903,0.8580748907470317,0.8645280074475423,0.00459314769265713,135
0.013812828063964843,0.003587173167454849,1.3759942054748535,0.04355053527069064,distance,1,27,13,brute,"{'weights': 'distance', 'p': 1, 'n_neighbors': 27, 'leaf_size': 13, 'algorithm': 'brute'}",0.8711869003170342,0.8644603056644061,0.8613374847560487,0.8675804557531903,0.8580748907470317,0.8645280074475423,0.00459314769265713,135
0.06402850151062012,0.002900446172466143,2.159315252304077,0.03918431697151547,distance,2,26,21,ball_tree,"{'weights': 'distance', 'p': 2, 'n_neighbors': 26, 'leaf_size': 21, 'algorithm': 'ball_tree'}",0.8714119620243954,0.8635758976997687,0.8632684744913419,0.8680456695395358,0.8557758031442242,0.8644155613798532,0.005268653965208031,137
0.09588603973388672,0.006471196427414298,1.8504229068756104,0.04587765281437903,distance,1,26,2,ball_tree,"{'weights': 'distance', 'p': 1, 'n_neighbors': 26, 'leaf_size': 2, 'algorithm': 'ball_tree'}",0.8710774195150225,0.8639435091903942,0.8614582586080813,0.8672203834946217,0.8578388041189783,0.8643076749854197,0.0045697131761210106,138
0.12531466484069825,0.031611176274037374,1.591471290588379,0.1327549901864146,distance,2,23,24,kd_tree,"{'weights': 'distance', 'p': 2, 'n_neighbors': 23, 'leaf_size': 24, 'algorithm': 'kd_tree'}",0.8705034747044768,0.8627204919808256,0.8623312993788925,0.8675287415394262,0.8559396183555266,0.8638047251918295,0.00497891541641131,139
0.07159562110900879,0.01603786497565362,2.0775387287139893,0.040158251235009254,uniform,1,10,21,ball_tree,"{'weights': 'uniform', 'p': 1, 'n_neighbors': 10, 'leaf_size': 21, 'algorithm': 'ball_tree'}",0.8704514632970695,0.8634384848456309,0.8601481621067757,0.8707462650131823,0.853664514156204,0.8636897778837724,0.006459512420393822,140
0.10975151062011719,0.019259751888728898,1.473933458328247,0.06838004860392399,distance,1,24,28,kd_tree,"{'weights': 'distance', 'p': 1, 'n_neighbors': 24, 'leaf_size': 28, 'algorithm': 'kd_tree'}",0.8709400066608848,0.8622650175982629,0.860932549730882,0.8665470280280332,0.856435346740056,0.8634239897516236,0.004952484209537096,141
0.01561751365661621,5.889191795818733e-05,1.1181113243103027,0.02849652202841926,distance,1,24,47,brute,"{'weights': 'distance', 'p': 1, 'n_neighbors': 24, 'leaf_size': 47, 'algorithm': 'brute'}",0.8709400066608848,0.8622650175982629,0.860932549730882,0.8665470280280332,0.856435346740056,0.8634239897516236,0.004952484209537096,141
0.0245849609375,0.005985473447571672,0.2461165428161621,0.011928105511165604,uniform,2,10,11,brute,"{'weights': 'uniform', 'p': 2, 'n_neighbors': 10, 'leaf_size': 11, 'algorithm': 'brute'}",0.8701190611748328,0.8610527023243747,0.8598823097356787,0.8677838864077487,0.8576310907137975,0.8632938100712865,0.004805665971091196,143
0.017217350006103516,0.00763870516691243,0.20899605751037598,0.03728301713951817,distance,2,25,40,brute,"{'weights': 'distance', 'p': 2, 'n_neighbors': 25, 'leaf_size': 40, 'algorithm': 'brute'}",0.8699511478040056,0.8621543595833265,0.8621613808477082,0.866762450384334,0.8548140044232247,0.8631686686085198,0.005113925235474081,144
0.08793120384216309,0.006530729835061427,1.5485774517059325,0.030218420404886984,distance,1,23,46,kd_tree,"{'weights': 'distance', 'p': 1, 'n_neighbors': 23, 'leaf_size': 46, 'algorithm': 'kd_tree'}",0.8706678564365294,0.8615753848630109,0.8604726882996048,0.8666493857679058,0.8561591093249186,0.8631048849383939,0.005045268129854339,145
0.01563124656677246,4.0615890794401584e-05,1.1408281326293945,0.02460235099172806,distance,1,22,15,brute,"{'weights': 'distance', 'p': 1, 'n_neighbors': 22, 'leaf_size': 15, 'algorithm': 'brute'}",0.8700806412257398,0.8612166559790002,0.8606096295733192,0.8669240171515596,0.8560767734442052,0.8629815434747649,0.004946856379027187,146
0.012515783309936523,0.006257988321271857,1.3881943702697754,0.027680630460062115,distance,1,22,43,brute,"{'weights': 'distance', 'p': 1, 'n_neighbors': 22, 'leaf_size': 43, 'algorithm': 'brute'}",0.8700806412257398,0.8612166559790002,0.8606096295733192,0.8669240171515596,0.8560767734442052,0.8629815434747649,0.004946856379027187,146
0.02735280990600586,0.008499338855536696,0.24596004486083983,0.011005952042222494,distance,2,24,37,brute,"{'weights': 'distance', 'p': 2, 'n_neighbors': 24, 'leaf_size': 37, 'algorithm': 'brute'}",0.8696831713345656,0.8615731374565181,0.8620317202672014,0.8661208943411159,0.8544739540238155,0.8627765754846433,0.005095530008786305,148
0.08570170402526855,0.007481102890534951,1.2940788269042969,0.03312635922229082,uniform,2,9,53,kd_tree,"{'weights': 'uniform', 'p': 2, 'n_neighbors': 9, 'leaf_size': 53, 'algorithm': 'kd_tree'}",0.8690788330266872,0.859321771247409,0.8610244149481197,0.8673119272891732,0.8569288266805086,0.8627331546383796,0.004679323545284539,149
0.10585665702819824,0.02111907868921094,1.4014227390289307,0.1589277903354785,uniform,2,9,17,kd_tree,"{'weights': 'uniform', 'p': 2, 'n_neighbors': 9, 'leaf_size': 17, 'algorithm': 'kd_tree'}",0.8690788330266872,0.859321771247409,0.8610244149481197,0.8673119272891732,0.8569288266805086,0.8627331546383796,0.004679323545284539,149
0.1630453109741211,0.011505960858880088,2.657246971130371,0.09291473926783872,distance,1,21,1,kd_tree,"{'weights': 'distance', 'p': 1, 'n_neighbors': 21, 'leaf_size': 1, 'algorithm': 'kd_tree'}",0.8698717394412562,0.8606475270395106,0.8605989226715433,0.8664957420893313,0.8548121842542105,0.8624852230991703,0.0052240916429473405,151
0.012503242492675782,0.006251623719521447,1.4145996570587158,0.042745409247472055,distance,1,20,26,brute,"{'weights': 'distance', 'p': 1, 'n_neighbors': 20, 'leaf_size': 26, 'algorithm': 'brute'}",0.8692820627852601,0.8611006469962235,0.8605578081687236,0.8655813748314738,0.8546389469915391,0.862232167954644,0.004952959293051777,152
0.06728034019470215,0.001076901070851535,2.023774242401123,0.04942145424144094,distance,2,18,11,ball_tree,"{'weights': 'distance', 'p': 2, 'n_neighbors': 18, 'leaf_size': 11, 'algorithm': 'ball_tree'}",0.8689860472443371,0.8612111979918032,0.8594932209251406,0.8653325470203191,0.8553997776395876,0.8620845581642375,0.004697745426738835,153
0.017387819290161134,0.0035052686506741797,1.5127472877502441,0.13943904730725543,distance,1,17,51,brute,"{'weights': 'distance', 'p': 1, 'n_neighbors': 17, 'leaf_size': 51, 'algorithm': 'brute'}",0.8675149591656942,0.8609339108383212,0.8594079939870041,0.8658222795539772,0.8529669611485995,0.8613292209387191,0.005142483932998335,154
0.07821331024169922,0.004831508565449252,1.7442448616027832,0.027048517520202958,distance,1,17,8,ball_tree,"{'weights': 'distance', 'p': 1, 'n_neighbors': 17, 'leaf_size': 8, 'algorithm': 'ball_tree'}",0.8675149591656942,0.8609339108383212,0.8594079939870041,0.8658222795539772,0.8529669611485995,0.8613292209387191,0.005142483932998335,154
0.10461201667785644,0.025469950301506037,1.6287615776062012,0.10101336352358053,distance,1,16,35,kd_tree,"{'weights': 'distance', 'p': 1, 'n_neighbors': 16, 'leaf_size': 35, 'algorithm': 'kd_tree'}",0.8668017821719449,0.861020168439906,0.8590571288158059,0.8653552455986172,0.8535196501164052,0.861150795028536,0.004738057291277809,156
0.0641817569732666,0.006086586260142566,2.276074981689453,0.0717193670098786,distance,1,14,44,ball_tree,"{'weights': 'distance', 'p': 1, 'n_neighbors': 14, 'leaf_size': 44, 'algorithm': 'ball_tree'}",0.8665545674577253,0.8606757801497072,0.8582533616994852,0.8642110017011085,0.8520369618509707,0.8603463345717994,0.005040090325241272,157
0.09350361824035644,0.007826995801676992,1.3566121101379394,0.06735632995723875,distance,1,13,29,kd_tree,"{'weights': 'distance', 'p': 1, 'n_neighbors': 13, 'leaf_size': 29, 'algorithm': 'kd_tree'}",0.8669869256592178,0.8605961577482443,0.8577102005723909,0.8638316570647397,0.8512827694663865,0.8600815421021959,0.0053861707012067,158
0.012505626678466797,0.0062528151819494174,0.21353526115417482,0.04193045809420408,distance,2,17,42,brute,"{'weights': 'distance', 'p': 2, 'n_neighbors': 17, 'leaf_size': 42, 'algorithm': 'brute'}",0.8655042794900399,0.8590833321204472,0.858121559738623,0.8632479181549224,0.8542254474189575,0.860036507384598,0.0039636769905755185,159
0.019139432907104494,0.0074840572255967545,0.18754172325134277,0.03716166772528501,distance,2,15,57,brute,"{'weights': 'distance', 'p': 2, 'n_neighbors': 15, 'leaf_size': 57, 'algorithm': 'brute'}",0.8657550258430342,0.8583922011141999,0.8574144759453393,0.8625942633411965,0.8549072613180251,0.8598126455123589,0.0038699084070443956,160
0.07334027290344239,0.018874336404150472,2.399932861328125,0.34733862302043356,uniform,2,7,54,ball_tree,"{'weights': 'uniform', 'p': 2, 'n_neighbors': 7, 'leaf_size': 54, 'algorithm': 'ball_tree'}",0.866274069723539,0.8537295817769152,0.8550179501208274,0.864819366427004,0.8548556541730266,0.8589393244442626,0.005432648344211571,161
0.08543663024902344,0.0045456958929956425,1.9745709419250488,0.04436056797832447,distance,2,11,3,ball_tree,"{'weights': 'distance', 'p': 2, 'n_neighbors': 11, 'leaf_size': 3, 'algorithm': 'ball_tree'}",0.8651096991214995,0.8561034851495659,0.8570024743650004,0.8613917740352248,0.85455650404206,0.8588327873426701,0.0038738551675679806,162
0.05429549217224121,0.006307134530232053,2.272241735458374,0.07164092534522215,distance,2,11,37,ball_tree,"{'weights': 'distance', 'p': 2, 'n_neighbors': 11, 'leaf_size': 37, 'algorithm': 'ball_tree'}",0.8651096991214995,0.8561034851495659,0.8570024743650004,0.8613917740352248,0.85455650404206,0.8588327873426701,0.0038738551675679806,162
0.13797125816345215,0.04582759948793437,1.6483747959136963,0.3502006989943658,distance,1,11,19,kd_tree,"{'weights': 'distance', 'p': 1, 'n_neighbors': 11, 'leaf_size': 19, 'algorithm': 'kd_tree'}",0.8638222562591341,0.8587332718043379,0.8553551104577521,0.8625835564646407,0.8501292105862743,0.8581246811144279,0.004986228737935035,164
0.11066737174987792,0.028359563265454243,1.345748519897461,0.05402201193586626,distance,2,10,17,kd_tree,"{'weights': 'distance', 'p': 2, 'n_neighbors': 10, 'leaf_size': 17, 'algorithm': 'kd_tree'}",0.863672429159607,0.8548422620296178,0.8556536188792658,0.8611986219821598,0.8531667514651291,0.857706736703156,0.004020316485111561,165
0.0718867301940918,0.005286930333452277,1.850773239135742,0.04518226356772878,uniform,1,6,12,ball_tree,"{'weights': 'uniform', 'p': 1, 'n_neighbors': 6, 'leaf_size': 12, 'algorithm': 'ball_tree'}",0.8653280186093819,0.8562693651526139,0.8504350749536659,0.86198472085888,0.8502537315606171,0.8568541822270317,0.006053779445685335,166
0.013352394104003906,0.006704051544756131,0.9766540050506591,0.03164824158941577,uniform,1,6,15,brute,"{'weights': 'uniform', 'p': 1, 'n_neighbors': 6, 'leaf_size': 15, 'algorithm': 'brute'}",0.8653280186093819,0.8562693651526139,0.8504350749536659,0.86198472085888,0.8502537315606171,0.8568541822270317,0.006053779445685335,166
0.07080578804016113,0.0038194318982990388,2.028783369064331,0.011056347121113063,uniform,1,6,26,ball_tree,"{'weights': 'uniform', 'p': 1, 'n_neighbors': 6, 'leaf_size': 26, 'algorithm': 'ball_tree'}",0.8653280186093819,0.8562693651526139,0.8504350749536659,0.86198472085888,0.8502537315606171,0.8568541822270317,0.006053779445685335,166
0.10432720184326172,0.005130973870720488,1.5325072288513184,0.034399060789344724,distance,2,9,10,kd_tree,"{'weights': 'distance', 'p': 2, 'n_neighbors': 9, 'leaf_size': 10, 'algorithm': 'kd_tree'}",0.8616751269035533,0.8537347187060418,0.8561479565342616,0.8600433500017988,0.8515303124523546,0.856626292919602,0.003787506508327797,169
0.017123937606811523,0.011306948056395646,0.20308756828308105,0.014109019486704445,distance,2,10,47,brute,"{'weights': 'distance', 'p': 2, 'n_neighbors': 10, 'leaf_size': 47, 'algorithm': 'brute'}",0.8623498839482096,0.8538523329791706,0.8544634396778507,0.8600617658294745,0.8522887875875609,0.8566032420044533,0.0038921986602879336,170
0.01877436637878418,0.006241600664414872,1.3646612644195557,0.02034433012432646,distance,1,9,22,brute,"{'weights': 'distance', 'p': 1, 'n_neighbors': 9, 'leaf_size': 22, 'algorithm': 'brute'}",0.8617518597823826,0.8552534303984631,0.8534265833098675,0.8610456207161787,0.8488332502479713,0.8560621488909727,0.004838698349425619,171
0.019116544723510744,0.007372481902903566,0.19423084259033202,0.03448964298649721,distance,2,9,28,brute,"{'weights': 'distance', 'p': 2, 'n_neighbors': 9, 'leaf_size': 28, 'algorithm': 'brute'}",0.8603654240149724,0.852550763561707,0.8547538108540147,0.8587461048383092,0.8507329713552507,0.8554298149248508,0.003637699098421895,172
0.06786432266235351,0.0028220579800245903,2.1754350662231445,0.04470665917167272,distance,2,8,48,ball_tree,"{'weights': 'distance', 'p': 2, 'n_neighbors': 8, 'leaf_size': 48, 'algorithm': 'ball_tree'}",0.8604811119396787,0.8525478740390732,0.8538379424760996,0.8595222463198324,0.849786483467726,0.8552351316484821,0.004117302987668898,173
0.07593631744384766,0.011629492299985047,1.8529768466949463,0.047640644461964594,distance,1,8,10,ball_tree,"{'weights': 'distance', 'p': 1, 'n_neighbors': 8, 'leaf_size': 10, 'algorithm': 'ball_tree'}",0.8602475957031301,0.8541499538104457,0.8526618963850288,0.8594414094018367,0.8475258335517537,0.854805337770439,0.004671753040453932,174
0.021892404556274413,0.00763947549023174,1.4219250202178955,0.05923408332311489,distance,1,8,30,brute,"{'weights': 'distance', 'p': 1, 'n_neighbors': 8, 'leaf_size': 30, 'algorithm': 'brute'}",0.8602475957031301,0.8541499538104457,0.8526618963850288,0.8594414094018367,0.8475258335517537,0.854805337770439,0.004671753040453932,174
0.08070268630981445,0.002860171165826462,1.7025842189788818,0.05314601670858607,distance,1,8,5,ball_tree,"{'weights': 'distance', 'p': 1, 'n_neighbors': 8, 'leaf_size': 5, 'algorithm': 'ball_tree'}",0.8602475957031301,0.8541499538104457,0.8526618963850288,0.8594414094018367,0.8475258335517537,0.854805337770439,0.004671753040453932,174
0.08605546951293945,0.004956397388136782,1.1986997604370118,0.02644365124551978,uniform,2,5,48,kd_tree,"{'weights': 'uniform', 'p': 2, 'n_neighbors': 5, 'leaf_size': 48, 'algorithm': 'kd_tree'}",0.8587481474949337,0.8503964639092202,0.8476089882299028,0.8571287240658036,0.8488857139430943,0.852553607528591,0.00451353494905651,177
0.015629673004150392,2.623037822623266e-06,1.3971638679504395,0.07595682446923535,distance,1,6,52,brute,"{'weights': 'distance', 'p': 1, 'n_neighbors': 6, 'leaf_size': 52, 'algorithm': 'brute'}",0.857655800920024,0.8520496989331454,0.8468921611560029,0.8556334016860332,0.844768705769893,0.8513999536930198,0.004935048487887226,178
0.01692681312561035,0.002555667611120533,0.19990787506103516,0.02359335408608197,distance,2,6,37,brute,"{'weights': 'distance', 'p': 2, 'n_neighbors': 6, 'leaf_size': 37, 'algorithm': 'brute'}",0.8564572911431636,0.848159010216496,0.8468598263126395,0.8546030789550774,0.8461502140518762,0.8504458841358506,0.004241737084671061,179
0.022334575653076172,0.007774240209087976,0.19152383804321288,0.03536341297146353,distance,2,6,41,brute,"{'weights': 'distance', 'p': 2, 'n_neighbors': 6, 'leaf_size': 41, 'algorithm': 'brute'}",0.8564572911431636,0.848159010216496,0.8468598263126395,0.8546030789550774,0.8461502140518762,0.8504458841358506,0.004241737084671061,179
0.06084532737731933,0.008338242643444928,2.305747365951538,0.0822777912060962,distance,1,5,59,ball_tree,"{'weights': 'distance', 'p': 1, 'n_neighbors': 5, 'leaf_size': 59, 'algorithm': 'ball_tree'}",0.8532011201930115,0.8501420788980945,0.8420859400177949,0.8542473965158967,0.8404724644831492,0.8480298000215892,0.005697465624622729,181
0.06622695922851562,0.006018635105016585,2.0469414234161376,0.1686243247955193,distance,1,5,19,ball_tree,"{'weights': 'distance', 'p': 1, 'n_neighbors': 5, 'leaf_size': 19, 'algorithm': 'ball_tree'}",0.8532011201930115,0.8501420788980945,0.8420859400177949,0.8542473965158967,0.8404724644831492,0.8480298000215892,0.005697465624622729,181
0.012812519073486328,0.009132865670641187,0.21002869606018065,0.025061244396295267,distance,2,5,51,brute,"{'weights': 'distance', 'p': 2, 'n_neighbors': 5, 'leaf_size': 51, 'algorithm': 'brute'}",0.8512881491901203,0.8452449801500497,0.8433555644303874,0.8510416506063518,0.8428992851232661,0.8467659259000351,0.0036776915986587526,183
0.01707882881164551,0.0028474345950234704,0.165963077545166,0.025789521038520325,distance,2,5,52,brute,"{'weights': 'distance', 'p': 2, 'n_neighbors': 5, 'leaf_size': 52, 'algorithm': 'brute'}",0.8512881491901203,0.8452449801500497,0.8433555644303874,0.8510416506063518,0.8428992851232661,0.8467659259000351,0.0036776915986587526,183
0.06757650375366211,0.002559858902078643,1.9289172172546387,0.02178853359380957,distance,1,4,24,ball_tree,"{'weights': 'distance', 'p': 1, 'n_neighbors': 4, 'leaf_size': 24, 'algorithm': 'ball_tree'}",0.8465255737735795,0.8479862809746124,0.8361205896933221,0.8486787500192724,0.8339264942945197,0.8426475377510613,0.006301976101866672,185
0.09032917022705078,0.02206923568691513,1.8090516090393067,0.055412305811826,uniform,2,3,7,ball_tree,"{'weights': 'uniform', 'p': 2, 'n_neighbors': 3, 'leaf_size': 7, 'algorithm': 'ball_tree'}",0.8389978322159086,0.840008416002219,0.8282508027499607,0.8411954998569561,0.830518602555603,0.8357942306761295,0.005327883003509829,186
0.11972165107727051,0.04141506167413964,1.19712553024292,0.08480431589520147,uniform,2,3,27,kd_tree,"{'weights': 'uniform', 'p': 2, 'n_neighbors': 3, 'leaf_size': 27, 'algorithm': 'kd_tree'}",0.8389978322159086,0.840008416002219,0.8282508027499607,0.8411954998569561,0.830518602555603,0.8357942306761295,0.005327883003509829,186
0.11094655990600585,0.03011652013821626,1.1465685844421387,0.054689630709873746,distance,2,3,23,kd_tree,"{'weights': 'distance', 'p': 2, 'n_neighbors': 3, 'leaf_size': 23, 'algorithm': 'kd_tree'}",0.8367908790398737,0.8378287527621695,0.8286074496481177,0.8387074358829405,0.8288880523249339,0.8341645139316072,0.004465077609241704,188
0.0972376823425293,0.006458156821974293,1.1523534774780273,0.055082472399283045,distance,2,3,30,kd_tree,"{'weights': 'distance', 'p': 2, 'n_neighbors': 3, 'leaf_size': 30, 'algorithm': 'kd_tree'}",0.8367908790398737,0.8378287527621695,0.8286074496481177,0.8387074358829405,0.8288880523249339,0.8341645139316072,0.004465077609241704,188
0.10048565864562989,0.032001011785809545,1.253468894958496,0.05414148310222383,distance,1,3,43,kd_tree,"{'weights': 'distance', 'p': 1, 'n_neighbors': 3, 'leaf_size': 43, 'algorithm': 'kd_tree'}",0.8350812448149121,0.8416248363674035,0.8245984644161473,0.8378726207178917,0.8259054377228101,0.8330165208078328,0.006683996774247037,190
0.1002580165863037,0.02621410087785765,1.2332878589630127,0.045943930595635854,distance,1,3,60,kd_tree,"{'weights': 'distance', 'p': 1, 'n_neighbors': 3, 'leaf_size': 60, 'algorithm': 'kd_tree'}",0.8350812448149121,0.8416248363674035,0.8245984644161473,0.8378726207178917,0.8259054377228101,0.8330165208078328,0.006683996774247037,190
0.10857620239257812,0.014892848657704554,1.122783088684082,0.14458597684419872,distance,1,2,31,kd_tree,"{'weights': 'distance', 'p': 1, 'n_neighbors': 2, 'leaf_size': 31, 'algorithm': 'kd_tree'}",0.8167128704903114,0.8213057132069592,0.8064147189920094,0.812801933918871,0.8055265042305011,0.8125523481677304,0.006017085897389587,192
0.01562609672546387,2.1986278311535843e-06,1.1511627197265626,0.05096408170481816,distance,1,2,32,brute,"{'weights': 'distance', 'p': 1, 'n_neighbors': 2, 'leaf_size': 32, 'algorithm': 'brute'}",0.8167128704903114,0.8213057132069592,0.8064147189920094,0.812801933918871,0.8055265042305011,0.8125523481677304,0.006017085897389587,192
0.10022997856140137,0.0005204998557782505,1.023523712158203,0.02576493003076737,uniform,1,2,25,kd_tree,"{'weights': 'uniform', 'p': 1, 'n_neighbors': 2, 'leaf_size': 25, 'algorithm': 'kd_tree'}",0.8171002805619458,0.820564497141727,0.804901512564014,0.8115278156087417,0.8046545362038042,0.8117497284160464,0.00638149847813131,194
0.01566305160522461,0.00982319018721982,0.19329147338867186,0.02684389224078383,distance,2,2,21,brute,"{'weights': 'distance', 'p': 2, 'n_neighbors': 2, 'leaf_size': 21, 'algorithm': 'brute'}",0.8104863772920337,0.8141131562748019,0.8088115660235745,0.8143919050873938,0.8074074883038082,0.8110420985963225,0.0027981098083081656,195
0.10655784606933594,0.008257965624370518,0.9534477233886719,0.0370176172845981,uniform,1,1,31,kd_tree,"{'weights': 'uniform', 'p': 1, 'n_neighbors': 1, 'leaf_size': 31, 'algorithm': 'kd_tree'}",0.7494714313967397,0.7593812097981787,0.7493457547669803,0.7558800024668644,0.7491545850271611,0.7526465966911848,0.004218561464016004,196
0.018742942810058595,0.006256740547084823,1.3687742233276368,0.021217308739359404,distance,1,1,4,brute,"{'weights': 'distance', 'p': 1, 'n_neighbors': 1, 'leaf_size': 4, 'algorithm': 'brute'}",0.7494714313967397,0.7593812097981787,0.7493457547669803,0.7558800024668644,0.7491545850271611,0.7526465966911848,0.004218561464016004,196
0.08222846984863282,0.0033162879389312494,1.0574737548828126,0.022762043104976377,distance,1,1,57,kd_tree,"{'weights': 'distance', 'p': 1, 'n_neighbors': 1, 'leaf_size': 57, 'algorithm': 'kd_tree'}",0.7494714313967397,0.7593812097981787,0.7493457547669803,0.7558800024668644,0.7491545850271611,0.7526465966911848,0.004218561464016004,196
0.12011351585388183,0.041586296545268416,1.0658540725708008,0.19020285629217534,distance,2,1,32,kd_tree,"{'weights': 'distance', 'p': 2, 'n_neighbors': 1, 'leaf_size': 32, 'algorithm': 'kd_tree'}",0.7538624356064529,0.757070340826686,0.7491355782851183,0.7531206262409271,0.7482376481189302,0.7522853258156229,0.003236849548285106,199
0.10774569511413574,0.0073592309680283905,1.0662409782409668,0.03999511625297787,uniform,2,1,11,kd_tree,"{'weights': 'uniform', 'p': 2, 'n_neighbors': 1, 'leaf_size': 11, 'algorithm': 'kd_tree'}",0.7538624356064529,0.757070340826686,0.7491355782851183,0.7531206262409271,0.7482376481189302,0.7522853258156229,0.003236849548285106,199
