date,total_rows,unique_hdds,total_failures
2014-01-01,27223,27223,3
2014-01-02,27223,27223,14
2014-01-03,27268,27268,4
2014-01-04,27223,27223,0
2014-01-05,27583,27583,0
2014-01-06,27583,27583,0
2014-01-07,27628,27628,14
2014-01-08,27628,27628,8
2014-01-09,27629,27629,7
2014-01-10,27585,27585,0
2014-01-11,27630,27630,0
2014-01-12,27720,27720,1
2014-01-13,27720,27720,1
2014-01-14,27720,27720,26
2014-01-15,27720,27720,10
2014-01-16,27720,27720,1
2014-01-17,27721,27721,7
2014-01-18,27767,27767,1
2014-01-19,27767,27767,0
2014-01-20,27767,27767,0
2014-01-21,27767,27767,15
2014-01-22,27677,27677,6
2014-01-23,27633,27633,10
2014-01-24,27587,27587,1
2014-01-25,27587,27587,3
2014-01-26,27541,27541,0
2014-01-27,27633,27633,1
2014-01-28,27633,27633,5
2014-01-29,27817,27817,18
2014-01-30,27818,27818,3
2014-01-31,27773,27773,14
2014-02-01,27865,27865,0
2014-02-02,27865,27865,0
2014-02-03,27865,27865,0
2014-02-04,27865,27865,1
2014-02-05,28141,28141,3
2014-02-06,28188,28188,0
2014-02-07,28234,28234,11
2014-02-08,28924,28924,1
2014-02-09,28743,28743,0
2014-02-10,28743,28743,0
2014-02-11,28835,28835,9
2014-02-12,28881,28881,17
2014-02-13,28836,28836,2
2014-02-14,29433,29433,1
2014-02-15,29524,29524,2
2014-02-16,29523,29523,0
2014-02-17,29522,29522,0
2014-02-18,29520,29520,4
2014-02-19,29524,29524,0
2014-02-20,29478,29478,9
2014-02-21,29431,29431,11
2014-02-22,29522,29522,0
2014-02-23,29522,29522,3
2014-02-24,29519,29519,1
2014-02-25,29567,29567,3
2014-02-26,30024,30024,10
2014-02-27,30026,30026,6
2014-02-28,30025,30025,6
2014-03-01,30030,30030,1
2014-03-02,30028,30028,5
2014-03-03,30025,30025,3
2014-03-04,30020,30020,0
2014-03-05,30021,30021,4
2014-03-06,30070,30070,9
2014-03-07,30113,30113,5
2014-03-08,30490,30490,3
2014-03-09,30487,30487,3
2014-03-10,30439,30439,1
2014-03-11,30485,30485,13
2014-03-12,30536,30536,3
2014-03-13,30675,30675,1
2014-03-14,30765,30765,11
2014-03-15,30767,30767,3
2014-03-16,30763,30763,0
2014-03-17,30759,30759,4
2014-03-18,30673,30673,25
2014-03-19,30531,30531,10
2014-03-20,30539,30539,2
2014-03-21,30583,30583,10
2014-03-22,30768,30768,1
2014-03-23,30674,30674,3
2014-03-24,30646,30646,6
2014-03-25,30714,30714,16
2014-03-26,30722,30722,1
2014-03-27,30907,30907,13
2014-03-28,31089,31089,2
2014-03-29,31408,31408,0
2014-03-30,31406,31406,1
2014-03-31,31404,31404,2
2014-04-01,31400,31400,23
2014-04-02,31408,31408,1
2014-04-03,31411,31411,2
2014-04-04,31830,31830,3
2014-04-05,31919,31919,2
2014-04-06,31915,31915,1
2014-04-07,31866,31866,3
2014-04-08,31864,31864,12
2014-04-09,31961,31961,11
2014-04-10,31921,31921,3
2014-04-11,31916,31916,4
2014-04-12,31966,31966,0
2014-04-13,31966,31966,0
2014-04-14,31965,31965,4
2014-04-15,31871,31871,3
2014-04-16,31874,31874,18
2014-04-17,31828,31828,7
2014-04-18,31830,31830,13
2014-04-19,32288,32288,4
2014-04-20,32236,32236,6
2014-04-21,32232,32232,2
2014-04-22,32280,32280,11
2014-04-23,32332,32332,4
2014-04-24,32424,32424,6
2014-04-25,32470,32470,1
2014-04-26,32564,32564,1
2014-04-27,32563,32563,1
2014-04-28,32561,32561,2
2014-04-29,32558,32558,2
2014-04-30,32515,32515,3
2014-05-01,32885,32885,5
2014-05-02,32888,32888,3
2014-05-03,33026,33026,0
2014-05-04,33024,33024,2
2014-05-05,33023,33023,5
2014-05-06,33066,33066,7
2014-05-07,33162,33162,2
2014-05-08,33161,33161,1
2014-05-09,33120,33120,6
2014-05-10,33074,33074,1
2014-05-11,33072,33072,3
2014-05-12,33069,33069,10
2014-05-13,33350,33350,7
2014-05-14,33212,33212,5
2014-05-15,33300,33300,12
2014-05-16,33347,33347,1
2014-05-17,33347,33347,2
2014-05-18,33344,33344,1
2014-05-19,33342,33342,3
2014-05-20,33295,33295,3
2014-05-21,33292,33292,9
2014-05-22,33200,33200,10
2014-05-23,33208,33208,6
2014-05-24,33211,33211,1
2014-05-25,33393,33393,4
2014-05-26,33389,33389,2
2014-05-27,33246,33246,19
2014-05-28,33334,33334,5
2014-05-29,33567,33567,28
2014-05-30,33897,33897,7
2014-05-31,33890,33890,1
2014-06-01,33890,33890,3
2014-06-02,33840,33840,4
2014-06-03,33836,33836,3
2014-06-04,33841,33841,16
2014-06-05,33850,33850,12
2014-06-06,33943,33943,6
2014-06-07,34262,34262,3
2014-06-08,34258,34258,1
2014-06-09,34256,34256,7
2014-06-10,34256,34256,1
2014-06-11,34394,34394,2
2014-06-12,34388,34388,5
2014-06-13,34441,34441,20
2014-06-14,34680,34680,2
2014-06-15,34634,34634,4
2014-06-16,34629,34629,12
2014-06-17,34628,34628,9
2014-06-18,34630,34630,7
2014-06-19,30768,30768,12
2014-06-20,27087,27087,0
2014-06-21,23960,23960,1
2014-06-22,23540,23540,2
2014-06-23,35248,35248,4
2014-06-24,35269,35269,15
2014-06-25,35316,35316,5
2014-06-26,35325,35325,7
2014-06-27,35275,35275,3
2014-06-28,35273,35273,4
2014-06-29,35224,35224,0
2014-06-30,35175,35175,4
2014-07-01,35228,35228,15
2014-07-02,35320,35320,6
2014-07-03,35323,35323,8
2014-07-04,35321,35321,1
2014-07-05,35314,35314,0
2014-07-06,35313,35313,2
2014-07-07,35312,35312,4
2014-07-08,35323,35323,6
2014-07-09,35279,35279,6
2014-07-10,35326,35326,4
2014-07-11,35419,35419,2
2014-07-12,35647,35647,3
2014-07-13,35643,35643,3
2014-07-14,35640,35640,9
2014-07-15,35511,35511,38
2014-07-16,35787,35787,5
2014-07-17,35740,35740,30
2014-07-18,35740,35740,2
2014-07-19,35969,35969,2
2014-07-20,35967,35967,2
2014-07-21,35966,35966,16
2014-07-22,35965,35965,1
2014-07-23,36055,36055,30
2014-07-24,36012,36012,12
2014-07-25,36062,36062,5
2014-07-26,35965,35965,27
2014-07-27,35960,35960,2
2014-07-28,35957,35957,43
2014-07-29,35968,35968,6
2014-07-30,35967,35967,10
2014-07-31,36015,36015,17
2014-08-01,36102,36102,3
2014-08-02,35960,35960,16
2014-08-03,35955,35955,2
2014-08-04,35953,35953,4
2014-08-05,36060,36060,3
2014-08-06,36105,36105,8
2014-08-07,36104,36104,10
2014-08-08,36148,36148,37
2014-08-09,36146,36146,6
2014-08-10,36052,36052,22
2014-08-11,36322,36322,10
2014-08-12,36422,36422,30
2014-08-13,36786,36786,42
2014-08-14,36418,36418,9
2014-08-15,36138,36138,12
2014-08-16,36229,36229,0
2014-08-17,36227,36227,3
2014-08-18,36222,36222,15
2014-08-19,36223,36223,26
2014-08-20,36183,36183,3
2014-08-21,36277,36277,7
2014-08-22,36967,36967,10
2014-08-23,36827,36827,8
2014-08-24,36822,36822,1
2014-08-25,36819,36819,24
2014-08-26,36824,36824,1
2014-08-27,36877,36877,2
2014-08-28,36924,36924,18
2014-08-29,36692,36692,0
2014-08-30,36921,36921,3
2014-08-31,36916,36916,1
2014-09-01,36910,36910,5
2014-09-02,36899,36899,7
2014-09-03,36921,36921,8
2014-09-04,36923,36923,4
2014-09-05,36925,36925,0
2014-09-06,36693,36693,1
2014-09-07,36688,36688,2
2014-09-08,36778,36778,44
2014-09-09,36876,36876,3
2014-09-10,36818,36818,1
2014-09-11,36816,36816,4
2014-09-12,36864,36864,10
2014-09-13,36815,36815,1
2014-09-14,36765,36765,1
2014-09-15,36716,36716,4
2014-09-16,36774,36774,2
2014-09-17,36911,36911,4
2014-09-18,36821,36821,1
2014-09-19,36773,36773,2
2014-09-20,36683,36683,1
2014-09-21,36681,36681,3
2014-09-22,36677,36677,8
2014-09-23,36866,36866,7
2014-09-24,36820,36820,13
2014-09-25,36730,36730,23
2014-09-26,36777,36777,12
2014-09-27,36698,36698,3
2014-09-28,36692,36692,1
2014-09-29,36689,36689,8
2014-09-30,36791,36791,18
2014-10-01,36838,36838,14
2014-10-02,37760,37760,24
2014-10-03,37666,37666,15
2014-10-04,37665,37665,0
2014-10-05,37664,37664,2
2014-10-06,37613,37613,5
2014-10-07,37892,37892,14
2014-10-08,37988,37988,9
2014-10-09,37898,37898,11
2014-10-10,37899,37899,1
2014-10-11,37807,37807,1
2014-10-12,37803,37803,1
2014-10-13,37754,37754,6
2014-10-14,37809,37809,8
2014-10-15,37992,37992,4
2014-10-16,38221,38221,6
2014-10-17,38223,38223,2
2014-10-18,38633,38633,1
2014-10-19,38585,38585,0
2014-10-20,38585,38585,13
2014-10-21,38494,38494,6
2014-10-22,38543,38543,14
2014-10-23,38592,38592,8
2014-10-24,38546,38546,3
2014-10-25,38543,38543,0
2014-10-26,38543,38543,1
2014-10-27,38536,38536,2
2014-10-28,39052,39052,2
2014-10-29,39052,39052,11
2014-10-30,39053,39053,0
2014-10-31,38960,38960,0
2014-11-01,38914,38914,2
2014-11-02,0,0,0
2014-11-03,39004,39004,8
2014-11-04,39097,39097,10
2014-11-05,39002,39002,6
2014-11-06,39006,39006,1
2014-11-07,39375,39375,1
2014-11-08,39375,39375,1
2014-11-09,39374,39374,3
2014-11-10,39371,39371,6
2014-11-11,39376,39376,0
2014-11-12,39559,39559,10
2014-11-13,39513,39513,4
2014-11-14,40433,40433,3
2014-11-15,40709,40709,2
2014-11-16,40706,40706,0
2014-11-17,40706,40706,5
2014-11-18,40710,40710,12
2014-11-19,40663,40663,13
2014-11-20,40663,40663,6
2014-11-21,40846,40846,3
2014-11-22,40985,40985,1
2014-11-23,40983,40983,1
2014-11-24,40980,40980,7
2014-11-25,40939,40939,12
2014-11-26,40890,40890,3
2014-11-27,40894,40894,1
2014-11-28,40892,40892,0
2014-11-29,40892,40892,0
2014-11-30,40892,40892,3
2014-12-01,40888,40888,12
2014-12-02,40894,40894,12
2014-12-03,40894,40894,11
2014-12-04,40892,40892,1
2014-12-05,40892,40892,9
2014-12-06,40893,40893,0
2014-12-07,40893,40893,1
2014-12-08,40887,40887,2
2014-12-09,41258,41258,1
2014-12-10,41307,41307,4
2014-12-11,41306,41306,4
2014-12-12,41537,41537,5
2014-12-13,41675,41675,0
2014-12-14,41675,41675,1
2014-12-15,41674,41674,3
2014-12-16,41720,41720,5
2014-12-17,41670,41670,5
2014-12-18,41628,41628,2
2014-12-19,41674,41674,8
2014-12-20,41629,41629,0
2014-12-21,41583,41583,1
2014-12-22,41581,41581,9
2014-12-23,41582,41582,5
2014-12-24,41260,41260,3
2014-12-25,41260,41260,0
2014-12-26,41260,41260,2
2014-12-27,41212,41212,0
2014-12-28,41212,41212,0
2014-12-29,41211,41211,5
2014-12-30,41214,41214,0
2014-12-31,41213,41213,0
2015-01-01,41212,41212,1
2015-01-02,41211,41211,6
2015-01-03,41214,41214,1
2015-01-04,41212,41212,0
2015-01-05,41257,41257,8
2015-01-06,41304,41304,4
2015-01-07,41306,41306,7
2015-01-08,41259,41259,5
2015-01-09,41260,41260,5
2015-01-10,41352,41352,0
2015-01-11,41352,41352,0
2015-01-12,41352,41352,6
2015-01-13,41352,41352,11
2015-01-14,41443,41443,4
2015-01-15,41581,41581,3
2015-01-16,41627,41627,5
2015-01-17,41629,41629,1
2015-01-18,41628,41628,2
2015-01-19,41902,41902,15
2015-01-20,41950,41950,5
2015-01-21,41997,41997,8
2015-01-22,42134,42134,6
2015-01-23,42135,42135,9
2015-01-24,42303,42303,1
2015-01-25,42272,42272,0
2015-01-26,42272,42272,8
2015-01-27,42364,42364,12
2015-01-28,42363,42363,3
2015-01-29,42503,42503,3
2015-01-30,42503,42503,2
2015-01-31,42550,42550,0
2015-02-01,42550,42550,0
2015-02-02,42550,42550,10
2015-02-03,42596,42596,3
2015-02-04,42595,42595,8
2015-02-05,42734,42734,6
2015-02-06,42686,42686,4
2015-02-07,42688,42688,0
2015-02-08,42688,42688,1
2015-02-09,42687,42687,4
2015-02-10,42688,42688,2
2015-02-11,43746,43746,0
2015-02-12,43700,43700,1
2015-02-13,43654,43654,3
2015-02-14,43654,43654,4
2015-02-15,43603,43603,1
2015-02-16,43601,43601,0
2015-02-17,43601,43601,3
2015-02-18,43607,43607,9
2015-02-19,43559,43559,7
2015-02-20,43699,43699,3
2015-02-21,43745,43745,2
2015-02-22,43743,43743,1
2015-02-23,43742,43742,4
2015-02-24,43837,43837,2
2015-02-25,43838,43838,4
2015-02-26,43884,43884,6
2015-02-27,43838,43838,2
2015-02-28,43838,43838,0
2015-03-01,43837,43837,2
2015-03-02,43836,43836,5
2015-03-03,43838,43838,2
2015-03-04,44113,44113,2
2015-03-05,44113,44113,2
2015-03-06,44112,44112,3
2015-03-07,44160,44160,3
2015-03-08,44113,44113,2
2015-03-09,44111,44111,4
2015-03-10,44385,44385,4
2015-03-11,44344,44344,5
2015-03-12,44292,44292,2
2015-03-13,44201,44201,2
2015-03-14,44201,44201,1
2015-03-15,44200,44200,1
2015-03-16,44194,44194,1
2015-03-17,44201,44201,11
2015-03-18,44200,44200,2
2015-03-19,44200,44200,7
2015-03-20,44158,44158,7
2015-03-21,44297,44297,5
2015-03-22,44295,44295,2
2015-03-23,44296,44296,10
2015-03-24,44389,44389,7
2015-03-25,44342,44342,2
2015-03-26,44296,44296,6
2015-03-27,44342,44342,3
2015-03-28,44297,44297,0
2015-03-29,44250,44250,0
2015-03-30,44250,44250,13
2015-03-31,44252,44252,7
2015-04-01,44252,44252,6
2015-04-02,44298,44298,5
2015-04-03,45126,45126,4
2015-04-04,44206,44206,0
2015-04-05,44205,44205,0
2015-04-06,44204,44204,5
2015-04-07,44206,44206,8
2015-04-08,44114,44114,9
2015-04-09,44068,44068,6
2015-04-10,44298,44298,9
2015-04-11,44436,44436,1
2015-04-12,44434,44434,0
2015-04-13,44434,44434,16
2015-04-14,44435,44435,4
2015-04-15,44435,44435,8
2015-04-16,44711,44711,6
2015-04-17,45586,45586,3
2015-04-18,45586,45586,0
2015-04-19,45586,45586,0
2015-04-20,45584,45584,15
2015-04-21,45586,45586,7
2015-04-22,46412,46412,3
2015-04-23,46459,46459,7
2015-04-24,46506,46506,1
2015-04-25,46506,46506,0
2015-04-26,46459,46459,0
2015-04-27,46459,46459,14
2015-04-28,46460,46460,10
2015-04-29,46414,46414,2
2015-04-30,46414,46414,7
2015-05-01,46458,46458,4
2015-05-02,46688,46688,0
2015-05-03,46689,46689,3
2015-05-04,46688,46688,11
2015-05-05,46690,46690,11
2015-05-06,46735,46735,8
2015-05-07,46736,46736,5
2015-05-08,46735,46735,7
2015-05-09,46782,46782,2
2015-05-10,46781,46781,0
2015-05-11,46775,46775,8
2015-05-12,46735,46735,10
2015-05-13,46781,46781,11
2015-05-14,46781,46781,7
2015-05-15,46689,46689,4
2015-05-16,46643,46643,2
2015-05-17,46644,46644,0
2015-05-18,46644,46644,9
2015-05-19,46644,46644,7
2015-05-20,46597,46597,9
2015-05-21,47518,47518,8
2015-05-22,47518,47518,6
2015-05-23,47518,47518,2
2015-05-24,47518,47518,1
2015-05-25,47517,47517,1
2015-05-26,47516,47516,9
2015-05-27,47518,47518,5
2015-05-28,47518,47518,10
2015-05-29,47518,47518,11
2015-05-30,47518,47518,0
2015-05-31,47518,47518,0
2015-06-01,47518,47518,14
2015-06-02,47518,47518,6
2015-06-03,47426,47426,4
2015-06-04,47426,47426,6
2015-06-05,47426,47426,5
2015-06-06,47610,47610,1
2015-06-07,47609,47609,0
2015-06-08,47609,47609,13
2015-06-09,48484,48484,4
2015-06-10,47564,47564,5
2015-06-11,47564,47564,6
2015-06-12,48438,48438,4
2015-06-13,48437,48437,0
2015-06-14,48434,48434,3
2015-06-15,48430,48430,9
2015-06-16,48389,48389,7
2015-06-17,48389,48389,2
2015-06-18,48297,48297,2
2015-06-19,48249,48249,6
2015-06-20,48205,48205,1
2015-06-21,48205,48205,1
2015-06-22,48205,48205,4
2015-06-23,48205,48205,5
2015-06-24,48205,48205,4
2015-06-25,48205,48205,3
2015-06-26,48154,48154,6
2015-06-27,48159,48159,0
2015-06-28,48159,48159,1
2015-06-29,48158,48158,5
2015-06-30,48113,48113,11
2015-07-01,47793,47793,3
2015-07-02,47701,47701,0
2015-07-03,47563,47563,0
2015-07-04,47563,47563,0
2015-07-05,47562,47562,0
2015-07-06,47561,47561,10
2015-07-07,47516,47516,3
2015-07-08,47516,47516,4
2015-07-09,47471,47471,7
2015-07-10,47471,47471,4
2015-07-11,47471,47471,3
2015-07-12,47470,47470,4
2015-07-13,47468,47468,2
2015-07-14,47470,47470,3
2015-07-15,47470,47470,4
2015-07-16,47470,47470,5
2015-07-17,47470,47470,4
2015-07-18,47424,47424,2
2015-07-19,47423,47423,0
2015-07-20,47423,47423,4
2015-07-21,47424,47424,4
2015-07-22,47378,47378,0
2015-07-23,48298,48298,5
2015-07-24,48298,48298,6
2015-07-25,48299,48299,0
2015-07-26,48299,48299,0
2015-07-27,48299,48299,3
2015-07-28,48299,48299,2
2015-07-29,48299,48299,4
2015-07-30,48299,48299,4
2015-07-31,48253,48253,10
2015-08-01,48252,48252,0
2015-08-02,48252,48252,1
2015-08-03,48251,48251,5
2015-08-04,48253,48253,7
2015-08-05,48253,48253,5
2015-08-06,48253,48253,4
2015-08-07,48253,48253,4
2015-08-08,49218,49218,0
2015-08-09,49219,49219,2
2015-08-10,49219,49219,6
2015-08-11,49173,49173,2
2015-08-12,48989,48989,7
2015-08-13,49035,49035,2
2015-08-14,49081,49081,2
2015-08-15,48989,48989,1
2015-08-16,48988,48988,0
2015-08-17,48988,48988,7
2015-08-18,48987,48987,12
2015-08-19,48987,48987,7
2015-08-20,48988,48988,4
2015-08-21,48988,48988,6
2015-08-22,48988,48988,1
2015-08-23,48988,48988,1
2015-08-24,48988,48988,10
2015-08-25,48941,48941,2
2015-08-26,48850,48850,4
2015-08-27,48897,48897,1
2015-08-28,48898,48898,4
2015-08-29,49817,49817,0
2015-08-30,49818,49818,1
2015-08-31,49802,49802,10
2015-09-01,49818,49818,1
2015-09-02,49772,49772,4
2015-09-03,49772,49772,18
2015-09-04,49772,49772,6
2015-09-05,49772,49772,1
2015-09-06,49771,49771,1
2015-09-07,49771,49771,2
2015-09-08,49771,49771,1
2015-09-09,49772,49772,7
2015-09-10,49909,49909,6
2015-09-11,49909,49909,3
2015-09-12,49910,49910,2
2015-09-13,49910,49910,1
2015-09-14,49910,49910,12
2015-09-15,50042,50042,3
2015-09-16,50048,50048,2
2015-09-17,50186,50186,3
2015-09-18,50186,50186,4
2015-09-19,50140,50140,0
2015-09-20,50186,50186,4
2015-09-21,50186,50186,3
2015-09-22,50186,50186,4
2015-09-23,50278,50278,3
2015-09-24,50278,50278,3
2015-09-25,50231,50231,2
2015-09-26,50232,50232,0
2015-09-27,50232,50232,2
2015-09-28,50278,50278,5
2015-09-29,50278,50278,6
2015-09-30,50277,50277,0
2015-10-01,50277,50277,7
2015-10-02,50277,50277,2
2015-10-03,51197,51197,2
2015-10-04,51196,51196,0
2015-10-05,51197,51197,7
2015-10-06,51105,51105,0
2015-10-07,51151,51151,0
2015-10-08,51151,51151,9
2015-10-09,51152,51152,3
2015-10-10,51150,51150,0
2015-10-11,51150,51150,1
2015-10-12,51144,51144,5
2015-10-13,51058,51058,5
2015-10-14,51058,51058,3
2015-10-15,51012,51012,5
2015-10-16,51013,51013,2
2015-10-17,51013,51013,0
2015-10-18,51013,51013,3
2015-10-19,51012,51012,5
2015-10-20,51933,51933,3
2015-10-21,52853,52853,4
2015-10-22,52761,52761,2
2015-10-23,52761,52761,6
2015-10-24,52761,52761,1
2015-10-25,52760,52760,2
2015-10-26,52761,52761,10
2015-10-27,52669,52669,4
2015-10-28,23644,23644,1
2015-10-29,52714,52714,2
2015-10-30,52715,52715,3
2015-10-31,52669,52669,2
2015-11-01,0,0,0
2015-11-02,52577,52577,5
2015-11-03,52577,52577,5
2015-11-04,52623,52623,5
2015-11-05,53452,53452,3
2015-11-06,53452,53452,2
2015-11-07,53406,53406,1
2015-11-08,53406,53406,7
2015-11-09,53405,53405,10
2015-11-10,53406,53406,3
2015-11-11,53360,53360,5
2015-11-12,53223,53223,3
2015-11-13,53177,53177,2
2015-11-14,53223,53223,1
2015-11-15,53222,53222,0
2015-11-16,53223,53223,3
2015-11-17,53177,53177,3
2015-11-18,54096,54096,4
2015-11-19,54096,54096,0
2015-11-20,54096,54096,6
2015-11-21,54095,54095,1
2015-11-22,54095,54095,3
2015-11-23,54095,54095,2
2015-11-24,55015,55015,4
2015-11-25,55016,55016,1
2015-11-26,55016,55016,0
2015-11-27,54970,54970,0
2015-11-28,55016,55016,2
2015-11-29,55016,55016,4
2015-11-30,55016,55016,8
2015-12-01,54969,54969,2
2015-12-02,55016,55016,2
2015-12-03,55016,55016,3
2015-12-04,54924,54924,2
2015-12-05,54924,54924,3
2015-12-06,54970,54970,3
2015-12-07,55889,55889,2
2015-12-08,55890,55890,1
2015-12-09,55951,55951,1
2015-12-10,55951,55951,2
2015-12-11,56043,56043,2
2015-12-12,56917,56917,0
2015-12-13,56917,56917,1
2015-12-14,56916,56916,4
2015-12-15,57837,57837,3
2015-12-16,55797,55797,4
2015-12-17,55797,55797,4
2015-12-18,55797,55797,5
2015-12-19,55888,55888,0
2015-12-20,55888,55888,6
2015-12-21,55888,55888,1
2015-12-22,57591,57591,2
2015-12-23,57591,57591,9
2015-12-24,57544,57544,2
2015-12-25,57545,57545,0
2015-12-26,57545,57545,9
2015-12-27,57545,57545,0
2015-12-28,57545,57545,0
2015-12-29,57545,57545,6
2015-12-30,57545,57545,0
2015-12-31,57545,57545,0
2016-01-01,57545,57545,4
2016-01-02,57545,57545,6
2016-01-03,57606,57606,4
2016-01-04,57606,57606,3
2016-01-05,57561,57561,4
2016-01-06,57515,57515,7
2016-01-07,57515,57515,6
2016-01-08,57515,57515,3
2016-01-09,57515,57515,1
2016-01-10,57514,57514,6
2016-01-11,57515,57515,2
2016-01-12,57515,57515,1
2016-01-13,57515,57515,6
2016-01-14,57515,57515,0
2016-01-15,57561,57561,2
2016-01-16,57515,57515,0
2016-01-17,57514,57514,7
2016-01-18,57500,57500,2
2016-01-19,57515,57515,6
2016-01-20,57510,57510,3
2016-01-21,57469,57469,5
2016-01-22,57469,57469,1
2016-01-23,58389,58389,1
2016-01-24,58389,58389,3
2016-01-25,58389,58389,3
2016-01-26,58389,58389,5
2016-01-27,58343,58343,6
2016-01-28,58343,58343,2
2016-01-29,58388,58388,0
2016-01-30,58343,58343,1
2016-01-31,58343,58343,4
2016-02-01,58297,58297,7
2016-02-02,58344,58344,3
2016-02-03,58343,58343,8
2016-02-04,58343,58343,3
2016-02-05,58343,58343,4
2016-02-06,58342,58342,0
2016-02-07,58343,58343,2
2016-02-08,58343,58343,4
2016-02-09,59258,59258,1
2016-02-10,59217,59217,6
2016-02-11,59216,59216,5
2016-02-12,59216,59216,4
2016-02-13,59217,59217,0
2016-02-14,59217,59217,4
2016-02-15,59217,59217,5
2016-02-16,59217,59217,5
2016-02-17,59217,59217,4
2016-02-18,60483,60483,2
2016-02-19,60482,60482,7
2016-02-20,61402,61402,0
2016-02-21,61403,61403,2
2016-02-22,61403,61403,2
2016-02-23,61403,61403,7
2016-02-24,61541,61541,2
2016-02-25,61403,61403,3
2016-02-26,62323,62323,7
2016-02-27,62354,62354,1
2016-02-28,62369,62369,4
2016-02-29,62363,62363,8
2016-03-01,62277,62277,2
2016-03-02,62415,62415,4
2016-03-03,62414,62414,10
2016-03-04,62369,62369,4
2016-03-05,62323,62323,2
2016-03-06,62276,62276,3
2016-03-07,62276,62276,10
2016-03-08,62323,62323,4
2016-03-09,62275,62275,2
2016-03-10,62277,62277,8
2016-03-11,62323,62323,1
2016-03-12,62323,62323,3
2016-03-13,62323,62323,2
2016-03-14,62323,62323,3
2016-03-15,62323,62323,3
2016-03-16,62323,62323,7
2016-03-17,62231,62231,4
2016-03-18,62231,62231,3
2016-03-19,62277,62277,2
2016-03-20,62277,62277,2
2016-03-21,62277,62277,10
2016-03-22,62231,62231,10
2016-03-23,63090,63090,5
2016-03-24,63089,63089,6
2016-03-25,63090,63090,3
2016-03-26,63135,63135,1
2016-03-27,63136,63136,0
2016-03-28,63090,63090,3
2016-03-29,63090,63090,0
2016-03-30,63044,63044,3
2016-03-31,62952,62952,2
2016-04-01,62952,62952,6
2016-04-02,62952,62952,3
2016-04-03,62952,62952,0
2016-04-04,62952,62952,8
2016-04-05,62906,62906,10
2016-04-06,62906,62906,4
2016-04-07,62906,62906,3
2016-04-08,62906,62906,1
2016-04-09,63872,63872,4
2016-04-10,63872,63872,0
2016-04-11,63780,63780,9
2016-04-12,63780,63780,4
2016-04-13,63780,63780,4
2016-04-14,63795,63795,2
2016-04-15,63795,63795,3
2016-04-16,63841,63841,2
2016-04-17,63841,63841,0
2016-04-18,63841,63841,9
2016-04-19,63887,63887,2
2016-04-20,63826,63826,8
2016-04-21,63825,63825,4
2016-04-22,64745,64745,1
2016-04-23,64745,64745,2
2016-04-24,64746,64746,4
2016-04-25,64745,64745,5
2016-04-26,64746,64746,9
2016-04-27,64699,64699,5
2016-04-28,64562,64562,13
2016-04-29,64562,64562,2
2016-04-30,64608,64608,6
2016-05-01,64562,64562,4
2016-05-02,64562,64562,3
2016-05-03,65482,65482,4
2016-05-04,65482,65482,4
2016-05-05,65482,65482,3
2016-05-06,65344,65344,8
2016-05-07,65344,65344,2
2016-05-08,65482,65482,4
2016-05-09,65482,65482,8
2016-05-10,65482,65482,7
2016-05-11,66402,66402,5
2016-05-12,66402,66402,1
2016-05-13,66401,66401,4
2016-05-14,66494,66494,5
2016-05-15,66447,66447,2
2016-05-16,66448,66448,6
2016-05-17,66402,66402,5
2016-05-18,66402,66402,3
2016-05-19,66402,66402,4
2016-05-20,66310,66310,1
2016-05-21,66356,66356,0
2016-05-22,66356,66356,6
2016-05-23,66402,66402,4
2016-05-24,66218,66218,4
2016-05-25,66217,66217,4
2016-05-26,66264,66264,11
2016-05-27,66217,66217,6
2016-05-28,66170,66170,3
2016-05-29,66172,66172,1
2016-05-30,66171,66171,6
2016-05-31,66171,66171,9
2016-06-01,67046,67046,10
2016-06-02,67046,67046,12
2016-06-03,66586,66586,9
2016-06-04,66677,66677,6
2016-06-05,66586,66586,3
2016-06-06,66586,66586,3
2016-06-07,66586,66586,5
2016-06-08,66585,66585,1
2016-06-09,66954,66954,2
2016-06-10,67873,67873,1
2016-06-11,67828,67828,1
2016-06-12,67736,67736,1
2016-06-13,67781,67781,1
2016-06-14,67782,67782,6
2016-06-15,67736,67736,4
2016-06-16,67782,67782,3
2016-06-17,68242,68242,4
2016-06-18,68425,68425,3
2016-06-19,68426,68426,5
2016-06-20,68426,68426,0
2016-06-21,68426,68426,4
2016-06-22,68518,68518,2
2016-06-23,68610,68610,4
2016-06-24,63044,63044,6
2016-06-25,63090,63090,3
2016-06-26,63044,63044,2
2016-06-27,62998,62998,2
2016-06-28,63090,63090,5
2016-06-29,70404,70404,6
2016-06-30,70403,70403,1
2016-07-01,70450,70450,5
2016-07-02,70588,70588,4
2016-07-03,70450,70450,1
2016-07-04,70496,70496,4
2016-07-05,70496,70496,1
2016-07-06,70450,70450,5
2016-07-07,70542,70542,5
2016-07-08,70082,70082,4
2016-07-09,71278,71278,5
2016-07-10,70803,70803,2
2016-07-11,70895,70895,4
2016-07-12,71043,71043,3
2016-07-13,71140,71140,7
2016-07-14,71231,71231,2
2016-07-15,71231,71231,6
2016-07-16,71079,71079,3
2016-07-17,71033,71033,1
2016-07-18,70803,70803,4
2016-07-19,71047,71047,6
2016-07-20,70818,70818,2
2016-07-21,70772,70772,4
2016-07-22,70496,70496,4
2016-07-23,70036,70036,4
2016-07-24,69990,69990,2
2016-07-25,70021,70021,3
2016-07-26,70266,70266,4
2016-07-27,70174,70174,5
2016-07-28,70312,70312,4
2016-07-29,70312,70312,2
2016-07-30,70251,70251,4
2016-07-31,70144,70144,3
2016-08-01,70144,70144,5
2016-08-02,70328,70328,5
2016-08-03,70343,70343,2
2016-08-04,69668,69668,4
2016-08-05,69346,69346,4
2016-08-06,69024,69024,3
2016-08-07,70298,70298,3
2016-08-08,70289,70289,3
2016-08-09,70289,70289,3
2016-08-10,70334,70334,2
2016-08-11,70334,70334,3
2016-08-12,71140,71140,0
2016-08-13,71140,71140,3
2016-08-14,71140,71140,6
2016-08-15,71139,71139,2
2016-08-16,71141,71141,3
2016-08-17,70880,70880,1
2016-08-18,70636,70636,4
2016-08-19,70498,70498,3
2016-08-20,70327,70327,5
2016-08-21,70281,70281,2
2016-08-22,70279,70279,6
2016-08-23,70235,70235,2
2016-08-24,69900,69900,2
2016-08-25,69393,69393,6
2016-08-26,69347,69347,5
2016-08-27,69347,69347,4
2016-08-28,69392,69392,4
2016-08-29,69392,69392,4
2016-08-30,69393,69393,3
2016-08-31,69348,69348,4
2016-09-01,69348,69348,3
2016-09-02,69302,69302,4
2016-09-03,69348,69348,6
2016-09-04,69348,69348,6
2016-09-05,69348,69348,7
2016-09-06,69348,69348,3
2016-09-07,69348,69348,6
2016-09-08,69348,69348,8
2016-09-09,69347,69347,4
2016-09-10,69348,69348,5
2016-09-11,69348,69348,4
2016-09-12,69348,69348,3
2016-09-13,69348,69348,5
2016-09-14,69302,69302,5
2016-09-15,69301,69301,3
2016-09-16,69302,69302,7
2016-09-17,69302,69302,3
2016-09-18,69302,69302,5
2016-09-19,69302,69302,2
2016-09-20,69302,69302,7
2016-09-21,69363,69363,5
2016-09-22,69363,69363,7
2016-09-23,69302,69302,6
2016-09-24,69255,69255,5
2016-09-25,69255,69255,8
2016-09-26,69302,69302,3
2016-09-27,69302,69302,3
2016-09-28,69302,69302,2
2016-09-29,69302,69302,4
2016-09-30,69302,69302,0
2016-10-01,69302,69302,3
2016-10-02,69302,69302,5
2016-10-03,69302,69302,4
2016-10-04,69302,69302,4
2016-10-05,69302,69302,2
2016-10-06,69302,69302,5
2016-10-07,70522,70522,3
2016-10-08,70522,70522,2
2016-10-09,70476,70476,1
2016-10-10,70475,70475,3
2016-10-11,70415,70415,6
2016-10-12,70414,70414,1
2016-10-13,70415,70415,2
2016-10-14,70476,70476,3
2016-10-15,70476,70476,6
2016-10-16,70476,70476,3
2016-10-17,70476,70476,2
2016-10-18,70475,70475,3
2016-10-19,70476,70476,5
2016-10-20,70476,70476,4
2016-10-21,70475,70475,5
2016-10-22,70384,70384,6
2016-10-23,70335,70335,9
2016-10-24,70291,70291,3
2016-10-25,70338,70338,7
2016-10-26,70338,70338,6
2016-10-27,70338,70338,9
2016-10-28,70337,70337,3
2016-10-29,70384,70384,3
2016-10-30,70384,70384,5
2016-10-31,70384,70384,3
2016-11-01,70333,70333,5
2016-11-02,70338,70338,3
2016-11-03,70338,70338,3
2016-11-04,70338,70338,6
2016-11-05,70399,70399,2
2016-11-06,70398,70398,5
2016-11-07,70398,70398,3
2016-11-08,70445,70445,5
2016-11-09,70444,70444,3
2016-11-10,70445,70445,5
2016-11-11,70445,70445,5
2016-11-12,71664,71664,0
2016-11-13,71665,71665,0
2016-11-14,71665,71665,5
2016-11-15,71604,71604,3
2016-11-16,71604,71604,3
2016-11-17,71558,71558,2
2016-11-18,71558,71558,5
2016-11-19,71558,71558,6
2016-11-20,71558,71558,2
2016-11-21,71558,71558,4
2016-11-22,71558,71558,4
2016-11-23,71601,71601,2
2016-11-24,71601,71601,1
2016-11-25,71600,71600,4
2016-11-26,71601,71601,2
2016-11-27,71601,71601,1
2016-11-28,71601,71601,6
2016-11-29,71605,71605,5
2016-11-30,71559,71559,3
2016-12-01,72479,72479,4
2016-12-02,72478,72478,4
2016-12-03,72525,72525,1
2016-12-04,72525,72525,2
2016-12-05,72479,72479,6
2016-12-06,73699,73699,5
2016-12-07,73699,73699,4
2016-12-08,73694,73694,4
2016-12-09,73693,73693,5
2016-12-10,73745,73745,2
2016-12-11,73744,73744,2
2016-12-12,73744,73744,5
2016-12-13,73745,73745,5
2016-12-14,73699,73699,5
2016-12-15,73689,73689,5
2016-12-16,73735,73735,4
2016-12-17,73699,73699,10
2016-12-18,73697,73697,1
2016-12-19,73699,73699,3
2016-12-20,73699,73699,4
2016-12-21,73653,73653,8
2016-12-22,73653,73653,5
2016-12-23,73652,73652,3
2016-12-24,73653,73653,4
2016-12-25,73699,73699,0
2016-12-26,73699,73699,5
2016-12-27,73653,73653,1
2016-12-28,73652,73652,1
2016-12-29,73653,73653,1
2016-12-30,73652,73652,7
2016-12-31,73653,73653,4
2017-01-01,73653,73653,1
2017-01-02,73652,73652,7
2017-01-03,73648,73648,2
2017-01-04,73699,73699,1
2017-01-05,73698,73698,3
2017-01-06,73699,73699,7
2017-01-07,73699,73699,1
2017-01-08,73699,73699,1
2017-01-09,73698,73698,2
2017-01-10,73699,73699,0
2017-01-11,73699,73699,5
2017-01-12,73652,73652,1
2017-01-13,73653,73653,7
2017-01-14,73653,73653,6
2017-01-15,73652,73652,3
2017-01-16,73653,73653,4
2017-01-17,73653,73653,6
2017-01-18,73652,73652,0
2017-01-19,73653,73653,5
2017-01-20,73653,73653,1
2017-01-21,73699,73699,2
2017-01-22,73699,73699,7
2017-01-23,73698,73698,1
2017-01-24,73699,73699,0
2017-01-25,73699,73699,4
2017-01-26,73699,73699,0
2017-01-27,73699,73699,22
2017-01-28,46,46,0
2017-01-29,46,46,0
2017-01-30,0,0,0
2017-01-31,61,61,0
2017-02-01,74980,74980,2
2017-02-02,75041,75041,1
2017-02-03,74995,74995,3
2017-02-04,74995,74995,4
2017-02-05,74994,74994,2
2017-02-06,74934,74934,7
2017-02-07,74934,74934,9
2017-02-08,74934,74934,5
2017-02-09,74933,74933,1
2017-02-10,74933,74933,4
2017-02-11,74500,74500,0
2017-02-12,74933,74933,4
2017-02-13,74917,74917,4
2017-02-14,74933,74933,1
2017-02-15,74933,74933,4
2017-02-16,75850,75850,3
2017-02-17,77690,77690,3
2017-02-18,77694,77694,5
2017-02-19,77727,77727,3
2017-02-20,77727,77727,7
2017-02-21,77631,77631,8
2017-02-22,77692,77692,7
2017-02-23,77754,77754,2
2017-02-24,77754,77754,4
2017-02-25,77755,77755,2
2017-02-26,77750,77750,3
2017-02-27,77755,77755,3
2017-02-28,77693,77693,5
2017-03-01,77752,77752,10
2017-03-02,77754,77754,3
2017-03-03,78674,78674,8
2017-03-04,78674,78674,3
2017-03-05,78674,78674,2
2017-03-06,78674,78674,5
2017-03-07,78674,78674,3
2017-03-08,78674,78674,3
2017-03-09,78613,78613,4
2017-03-10,78612,78612,5
2017-03-11,78613,78613,6
2017-03-12,78612,78612,9
2017-03-13,79833,79833,5
2017-03-14,79833,79833,7
2017-03-15,79833,79833,4
2017-03-16,79832,79832,5
2017-03-17,79832,79832,1
2017-03-18,80993,80993,2
2017-03-19,80947,80947,5
2017-03-20,80941,80941,4
2017-03-21,83386,83386,10
2017-03-22,83386,83386,8
2017-03-23,83387,83387,5
2017-03-24,84607,84607,10
2017-03-25,84605,84605,9
2017-03-26,84467,84467,8
2017-03-27,84464,84464,6
2017-03-28,84530,84530,11
2017-03-29,84467,84467,5
2017-03-30,84469,84469,5
2017-03-31,84469,84469,4
2017-04-01,84469,84469,8
2017-04-02,84469,84469,10
2017-04-03,84469,84469,5
2017-04-04,84469,84469,5
2017-04-05,84331,84331,4
2017-04-06,84285,84285,4
2017-04-07,84285,84285,3
2017-04-08,84283,84283,7
2017-04-09,84285,84285,4
2017-04-10,84285,84285,7
2017-04-11,84285,84285,2
2017-04-12,84195,84194,3
2017-04-13,84195,84194,3
2017-04-14,84195,84194,7
2017-04-15,84055,84054,3
2017-04-16,84056,84055,9
2017-04-17,84011,84010,5
2017-04-18,84056,84055,3
2017-04-19,83641,83641,5
2017-04-20,83593,83593,5
2017-04-21,83318,83318,8
2017-04-22,82995,82995,1
2017-04-23,82628,82628,6
2017-04-24,82629,82629,5
2017-04-25,82629,82629,6
2017-04-26,82628,82628,3
2017-04-27,82260,82260,5
2017-04-28,82030,82030,4
2017-04-29,82031,82031,5
2017-04-30,81984,81984,3
2017-05-01,81985,81985,4
2017-05-02,81985,81985,1
2017-05-03,81939,81939,1
2017-05-04,81939,81939,3
2017-05-05,83159,83159,4
2017-05-06,83158,83158,3
2017-05-07,83158,83158,3
2017-05-08,83158,83158,8
2017-05-09,83158,83158,4
2017-05-10,82697,82697,8
2017-05-11,82605,82605,5
2017-05-12,82559,82559,1
2017-05-13,82560,82560,7
2017-05-14,82558,82558,1
2017-05-15,82514,82514,1
2017-05-16,82499,82499,6
2017-05-17,82238,82238,7
2017-05-18,82283,82283,5
2017-05-19,82146,82146,3
2017-05-20,82146,82146,3
2017-05-21,82160,82160,3
2017-05-22,82207,82207,4
2017-05-23,82207,82207,7
2017-05-24,82145,82145,8
2017-05-25,82143,82143,4
2017-05-26,82146,82146,3
2017-05-27,82146,82146,4
2017-05-28,82146,82146,2
2017-05-29,82146,82146,1
2017-05-30,82146,82146,2
2017-05-31,82146,82146,3
2017-06-01,82146,82146,2
2017-06-02,82146,82146,3
2017-06-03,81963,81963,2
2017-06-04,81963,81963,8
2017-06-05,81962,81962,7
2017-06-06,83182,83182,1
2017-06-07,83137,83137,4
2017-06-08,83183,83183,5
2017-06-09,83183,83183,6
2017-06-10,83182,83182,2
2017-06-11,83181,83181,2
2017-06-12,83183,83183,2
2017-06-13,83182,83182,5
2017-06-14,83044,83044,5
2017-06-15,83044,83044,1
2017-06-16,84265,84265,6
2017-06-17,84219,84219,3
2017-06-18,84126,84126,1
2017-06-19,84127,84127,7
2017-06-20,84126,84126,3
2017-06-21,84127,84127,5
2017-06-22,84127,84127,8
2017-06-23,83069,83069,7
2017-06-24,84289,84289,3
2017-06-25,84288,84288,5
2017-06-26,84241,84241,6
2017-06-27,84289,84289,4
2017-06-28,84197,84197,5
2017-06-29,85116,85116,8
2017-06-30,85117,85117,0
2017-07-01,85092,85092,3
2017-07-02,85115,85115,3
2017-07-03,85117,85117,0
2017-07-04,85116,85116,2
2017-07-05,85113,85113,6
2017-07-06,85117,85117,8
2017-07-07,85117,85117,5
2017-07-08,85117,85117,5
2017-07-09,85117,85117,3
2017-07-10,85117,85117,3
2017-07-11,86337,86337,6
2017-07-12,86336,86336,5
2017-07-13,86335,86335,9
2017-07-14,86149,86149,7
2017-07-15,87371,87371,5
2017-07-16,87371,87371,2
2017-07-17,87371,87371,2
2017-07-18,87188,87188,6
2017-07-19,87188,87188,5
2017-07-20,87182,87182,2
2017-07-21,87188,87188,8
2017-07-22,87187,87187,8
2017-07-23,87141,87141,5
2017-07-24,86266,86266,8
2017-07-25,86267,86267,6
2017-07-26,85762,85762,4
2017-07-27,85762,85762,3
2017-07-28,85716,85716,3
2017-07-29,85716,85716,6
2017-07-30,85669,85669,3
2017-07-31,85670,85670,2
2017-08-01,85670,85670,2
2017-08-02,85670,85670,5
2017-08-03,85670,85670,2
2017-08-04,86752,86752,1
2017-08-05,86751,86751,3
2017-08-06,86751,86751,2
2017-08-07,86750,86750,4
2017-08-08,86752,86752,10
2017-08-09,85971,85971,4
2017-08-10,86292,86292,7
2017-08-11,86291,86291,5
2017-08-12,86292,86292,6
2017-08-13,86199,86199,6
2017-08-14,86199,86199,4
2017-08-15,86200,86200,6
2017-08-16,86015,86015,3
2017-08-17,86016,86016,3
2017-08-18,87097,87097,4
2017-08-19,86775,86775,4
2017-08-20,86465,86465,2
2017-08-21,86495,86495,4
2017-08-22,86500,86500,4
2017-08-23,86407,86407,4
2017-08-24,87535,87535,5
2017-08-25,87305,87305,5
2017-08-26,87305,87305,6
2017-08-27,87212,87212,2
2017-08-28,87214,87214,7
2017-08-29,87213,87213,2
2017-08-30,86983,86983,4
2017-08-31,88112,88112,7
2017-09-01,87974,87974,6
2017-09-02,87974,87974,5
2017-09-03,87559,87559,3
2017-09-04,87560,87560,2
2017-09-05,87558,87558,4
2017-09-06,88780,88780,4
2017-09-07,88504,88504,8
2017-09-08,88458,88458,8
2017-09-09,88458,88458,8
2017-09-10,88502,88502,4
2017-09-11,88503,88503,5
2017-09-12,88502,88502,4
2017-09-13,88502,88502,1
2017-09-14,88319,88319,4
2017-09-15,88087,88087,1
2017-09-16,88089,88089,6
2017-09-17,88085,88085,3
2017-09-18,88062,88062,2
2017-09-19,88088,88088,5
2017-09-20,87903,87903,6
2017-09-21,89124,89124,3
2017-09-22,89033,89033,4
2017-09-23,89032,89032,3
2017-09-24,88940,88940,4
2017-09-25,88940,88940,4
2017-09-26,88936,88936,4
2017-09-27,88573,88573,1
2017-09-28,88619,88619,1
2017-09-29,88619,88619,3
2017-09-30,88388,88388,0
2017-10-01,88157,88157,5
2017-10-02,88158,88158,4
2017-10-03,88158,88158,2
2017-10-04,87792,87792,4
2017-10-05,87792,87792,6
2017-10-06,87699,87699,8
2017-10-07,87699,87699,0
2017-10-08,87654,87654,5
2017-10-09,87654,87654,4
2017-10-10,87652,87652,1
2017-10-11,87654,87654,7
2017-10-12,87651,87651,6
2017-10-13,87654,87654,3
2017-10-14,87654,87654,3
2017-10-15,87516,87516,1
2017-10-16,87470,87470,2
2017-10-17,87333,87333,2
2017-10-18,87471,87471,5
2017-10-19,87517,87517,4
2017-10-20,87548,87548,3
2017-10-21,88768,88768,3
2017-10-22,88737,88737,1
2017-10-23,88737,88737,3
2017-10-24,88676,88676,6
2017-10-25,88767,88767,9
2017-10-26,88733,88733,2
2017-10-27,88736,88736,6
2017-10-28,88798,88798,3
2017-10-29,88799,88799,4
2017-10-30,90018,90018,3
2017-10-31,90019,90019,6
2017-11-01,90017,90017,4
2017-11-02,90019,90019,2
2017-11-03,89988,89988,6
2017-11-04,89988,89988,5
2017-11-05,89987,89987,4
2017-11-06,89988,89988,3
2017-11-07,89988,89988,6
2017-11-08,89942,89942,4
2017-11-09,91162,91162,7
2017-11-10,91161,91161,3
2017-11-11,91162,91162,7
2017-11-12,91159,91159,3
2017-11-13,91098,91098,11
2017-11-14,33644,33644,1
2017-11-15,92382,92382,5
2017-11-16,91797,91797,4
2017-11-17,92121,92121,2
2017-11-18,91478,91478,2
2017-11-19,92028,92028,2
2017-11-20,92028,92028,3
2017-11-21,92070,92070,4
2017-11-22,91891,91891,3
2017-11-23,91615,91615,3
2017-11-24,91657,91657,1
2017-11-25,91661,91661,4
2017-11-26,91661,91661,6
2017-11-27,91660,91660,3
2017-11-28,91655,91655,6
2017-11-29,91661,91661,5
2017-11-30,91488,91488,3
2017-12-01,91610,91610,9
2017-12-02,91431,91431,7
2017-12-03,91615,91615,1
2017-12-04,91615,91615,3
2017-12-05,91611,91611,6
2017-12-06,91616,91616,5
2017-12-07,91585,91585,11
2017-12-08,91675,91675,5
2017-12-09,91613,91613,7
2017-12-10,91140,91140,6
2017-12-11,91675,91675,9
2017-12-12,91415,91415,4
2017-12-13,91569,91569,3
2017-12-14,91354,91354,4
2017-12-15,91080,91080,1
2017-12-16,91338,91338,2
2017-12-17,91339,91339,4
2017-12-18,91339,91339,3
2017-12-19,91339,91339,5
2017-12-20,92236,92236,1
2017-12-21,93380,93380,7
2017-12-22,93379,93379,8
2017-12-23,92920,92920,4
2017-12-24,93151,93151,8
2017-12-25,93194,93194,2
2017-12-26,93238,93238,4
2017-12-27,93242,93242,2
2017-12-28,93241,93241,5
2017-12-29,93240,93240,2
2017-12-30,93240,93240,1
2017-12-31,92966,92966,0
2018-01-01,94186,94186,2
2018-01-02,94323,94323,8
2018-01-03,94415,94415,6
2018-01-04,94364,94364,4
2018-01-05,95528,95528,6
2018-01-06,96626,96626,4
2018-01-07,96748,96748,2
2018-01-08,96290,96290,4
2018-01-09,96443,96443,2
2018-01-10,95968,95968,5
2018-01-11,96746,96746,6
2018-01-12,97508,97508,7
2018-01-13,99932,99932,5
2018-01-14,99811,99811,1
2018-01-15,99964,99964,4
2018-01-16,99244,99244,4
2018-01-17,98493,98493,4
2018-01-18,98685,98685,6
2018-01-19,98823,98823,5
2018-01-20,97447,97447,3
2018-01-21,99225,99225,2
2018-01-22,99179,99179,3
2018-01-23,98506,98506,4
2018-01-24,99272,99272,5
2018-01-25,100370,100370,2
2018-01-26,99652,99652,4
2018-01-27,100431,100431,3
2018-01-28,100293,100293,3
2018-01-29,100293,100293,5
2018-01-30,100293,100293,2
2018-01-31,100248,100248,2
2018-02-01,100201,100201,0
2018-02-02,100202,100202,5
2018-02-03,100142,100142,1
2018-02-04,100096,100096,4
2018-02-05,100050,100050,5
2018-02-06,100110,100110,9
2018-02-07,100018,100018,6
2018-02-08,99742,99742,3
2018-02-09,99268,99268,8
2018-02-10,99268,99268,8
2018-02-11,99083,99083,1
2018-02-12,100304,100304,10
2018-02-13,100364,100364,4
2018-02-14,100362,100362,4
2018-02-15,100302,100302,2
2018-02-16,100364,100364,2
2018-02-17,100410,100410,4
2018-02-18,100409,100409,2
2018-02-19,100407,100407,2
2018-02-20,100409,100409,8
2018-02-21,100350,100350,5
2018-02-22,100304,100304,3
2018-02-23,100364,100364,10
2018-02-24,100253,100253,5
2018-02-25,100253,100253,1
2018-02-26,100253,100253,6
2018-02-27,100312,100312,4
2018-02-28,100252,100252,1
2018-03-01,100298,100298,5
2018-03-02,100037,100037,2
2018-03-03,99899,99899,3
2018-03-04,99898,99898,2
2018-03-05,99898,99898,5
2018-03-06,99899,99899,3
2018-03-07,99761,99761,2
2018-03-08,99674,99674,2
2018-03-09,99490,99490,3
2018-03-10,99444,99444,3
2018-03-11,99444,99444,1
2018-03-12,100618,100618,3
2018-03-13,100618,100618,0
2018-03-14,100572,100572,6
2018-03-15,100571,100571,2
2018-03-16,100572,100572,3
2018-03-17,100587,100587,5
2018-03-18,100526,100526,1
2018-03-19,100526,100526,2
2018-03-20,100587,100587,5
2018-03-21,100587,100587,2
2018-03-22,100587,100587,2
2018-03-23,100587,100587,2
2018-03-24,100588,100588,9
2018-03-25,100220,100220,1
2018-03-26,100157,100157,3
2018-03-27,100156,100156,4
2018-03-28,100156,100156,1
2018-03-29,100156,100156,3
2018-03-30,100111,100111,2
2018-03-31,100110,100110,0
2018-04-01,100050,100050,1
2018-04-02,100050,100050,1
2018-04-03,100111,100111,4
2018-04-04,100109,100109,2
2018-04-05,99191,99191,3
2018-04-06,99190,99190,4
2018-04-07,99191,99191,2
2018-04-08,99190,99190,0
2018-04-09,99191,99191,1
2018-04-10,99191,99191,5
2018-04-11,99189,99189,0
2018-04-12,99005,99005,1
2018-04-13,100226,100226,5
2018-04-14,100133,100133,4
2018-04-15,99948,99948,2
2018-04-16,99949,99949,2
2018-04-17,99949,99949,2
2018-04-18,99857,99857,4
2018-04-19,99857,99857,1
2018-04-20,99643,99643,5
2018-04-21,99579,99579,1
2018-04-22,99444,99444,1
2018-04-23,99260,99260,2
2018-04-24,99258,99258,0
2018-04-25,99213,99213,2
2018-04-26,99167,99167,4
2018-04-27,100387,100387,3
2018-04-28,100065,100065,2
2018-04-29,100065,100065,3
2018-04-30,100064,100064,4
2018-05-01,100066,100066,1
2018-05-02,100006,100006,2
2018-05-03,99881,99881,5
2018-05-04,99837,99837,4
2018-05-05,99837,99837,2
2018-05-06,99898,99898,1
2018-05-07,99896,99896,3
2018-05-08,99897,99897,5
2018-05-09,99836,99836,6
2018-05-10,99881,99881,3
2018-05-11,99975,99975,4
2018-05-12,101149,101149,5
2018-05-13,101149,101149,4
2018-05-14,101103,101103,2
2018-05-15,101103,101103,2
2018-05-16,102323,102323,0
2018-05-17,102277,102277,4
2018-05-18,102184,102184,7
2018-05-19,102093,102093,4
2018-05-20,102093,102093,3
2018-05-21,102091,102091,6
2018-05-22,102094,102094,6
2018-05-23,101817,101817,5
2018-05-24,101818,101818,2
2018-05-25,101864,101864,6
2018-05-26,101864,101864,3
2018-05-27,101817,101817,1
2018-05-28,101817,101817,1
2018-05-29,101816,101816,2
2018-05-30,101816,101816,1
2018-05-31,101938,101938,3
2018-06-01,101893,101893,5
2018-06-02,101847,101847,3
2018-06-03,101663,101663,1
2018-06-04,101556,101556,4
2018-06-05,101556,101556,1
2018-06-06,100820,100820,4
2018-06-07,100865,100865,2
2018-06-08,100806,100806,4
2018-06-09,100760,100760,6
2018-06-10,100529,100529,1
2018-06-11,100530,100530,9
2018-06-12,100527,100527,8
2018-06-13,100576,100576,3
2018-06-14,100529,100529,6
2018-06-15,100438,100438,5
2018-06-16,100330,100330,4
2018-06-17,100330,100330,3
2018-06-18,100330,100330,11
2018-06-19,100303,100303,4
2018-06-20,100303,100303,1
2018-06-21,100303,100303,4
2018-06-22,100349,100349,2
2018-06-23,100253,100253,1
2018-06-24,100253,100253,3
2018-06-25,100253,100253,1
2018-06-26,100285,100285,6
2018-06-27,100254,100254,4
2018-06-28,100254,100254,1
2018-06-29,100299,100299,11
2018-06-30,100254,100254,0
2018-07-01,100252,100252,2
2018-07-02,100251,100251,3
2018-07-03,100299,100299,6
2018-07-04,99563,99563,0
2018-07-05,99472,99472,1
2018-07-06,99517,99517,6
2018-07-07,99473,99473,8
2018-07-08,99427,99427,4
2018-07-09,99427,99427,0
2018-07-10,99427,99427,7
2018-07-11,99335,99335,3
2018-07-12,100553,100553,4
2018-07-13,100462,100462,11
2018-07-14,100461,100461,4
2018-07-15,100415,100415,1
2018-07-16,100415,100415,3
2018-07-17,100416,100416,5
2018-07-18,100416,100416,3
2018-07-19,100370,100370,2
2018-07-20,100369,100369,1
2018-07-21,101589,101589,2
2018-07-22,101497,101497,3
2018-07-23,101496,101496,2
2018-07-24,101497,101497,5
2018-07-25,101557,101557,4
2018-07-26,101602,101602,11
2018-07-27,101558,101558,4
2018-07-28,102732,102732,4
2018-07-29,96510,96510,1
2018-07-30,102610,102610,7
2018-07-31,102670,102670,6
2018-08-01,102626,102626,4
2018-08-02,101360,101360,2
2018-08-03,101220,101220,9
2018-08-04,101176,101176,4
2018-08-05,101175,101175,2
2018-08-06,101176,101176,10
2018-08-07,101176,101176,2
2018-08-08,101038,101038,2
2018-08-09,100715,100715,5
2018-08-10,100577,100577,4
2018-08-11,100485,100485,2
2018-08-12,100530,100530,1
2018-08-13,100531,100531,8
2018-08-14,100531,100531,5
2018-08-15,100210,100210,3
2018-08-16,100210,100210,2
2018-08-17,100164,100164,1
2018-08-18,100025,100025,3
2018-08-19,99841,99841,0
2018-08-20,99842,99842,7
2018-08-21,99796,99796,4
2018-08-22,99703,99703,2
2018-08-23,99657,99657,1
2018-08-24,99658,99658,2
2018-08-25,99597,99597,2
2018-08-26,99658,99658,4
2018-08-27,99657,99657,5
2018-08-28,100878,100878,6
2018-08-29,102051,102051,4
2018-08-30,100832,100832,7
2018-08-31,100786,100786,2
2018-09-01,100786,100786,2
2018-09-02,100786,100786,2
2018-09-03,100784,100784,0
2018-09-04,100784,100784,6
2018-09-05,100786,100786,2
2018-09-06,100785,100785,6
2018-09-07,100831,100831,5
2018-09-08,100831,100831,5
2018-09-09,100462,100462,3
2018-09-10,100401,100401,9
2018-09-11,100462,100462,3
2018-09-12,100371,100371,2
2018-09-13,100369,100369,7
2018-09-14,100325,100325,6
2018-09-15,100325,100325,3
2018-09-16,100325,100325,5
2018-09-17,100325,100325,4
2018-09-18,100325,100325,3
2018-09-19,100279,100279,2
2018-09-20,100279,100279,4
2018-09-21,100279,100279,2
2018-09-22,100279,100279,4
2018-09-23,100278,100278,2
2018-09-24,100279,100279,4
2018-09-25,101498,101498,3
2018-09-26,101361,101361,5
2018-09-27,101360,101360,3
2018-09-28,101223,101223,4
2018-09-29,99866,99866,7
2018-09-30,99636,99636,0
2018-10-01,99636,99636,7
2018-10-02,99636,99636,8
2018-10-03,99589,99589,6
2018-10-04,99544,99544,6
2018-10-05,100763,100763,5
2018-10-06,100764,100764,0
2018-10-07,100764,100764,4
2018-10-08,100761,100761,3
2018-10-09,100810,100810,5
2018-10-10,100809,100809,2
2018-10-11,100810,100810,3
2018-10-12,100810,100810,1
2018-10-13,100764,100764,3
2018-10-14,100762,100762,3
2018-10-15,100656,100656,5
2018-10-16,100718,100718,6
2018-10-17,100579,100579,3
2018-10-18,100625,100625,5
2018-10-19,100672,100672,4
2018-10-20,100580,100580,2
2018-10-21,100534,100534,0
2018-10-22,100534,100534,6
2018-10-23,100488,100488,5
2018-10-24,28878,28878,0
2018-10-25,100166,100166,5
2018-10-26,100166,100166,4
2018-10-27,100166,100166,1
2018-10-28,100166,100166,5
2018-10-29,101385,101385,7
2018-10-30,101324,101324,2
2018-10-31,101385,101385,5
2018-11-01,101339,101339,5
2018-11-02,101294,101294,4
2018-11-03,101248,101248,2
2018-11-04,101248,101248,3
2018-11-05,101248,101248,9
2018-11-06,101246,101246,4
2018-11-07,101154,101154,8
2018-11-08,101153,101153,4
2018-11-09,101156,101156,4
2018-11-10,101155,101155,2
2018-11-11,101156,101156,5
2018-11-12,101155,101155,5
2018-11-13,101156,101156,3
2018-11-14,102376,102376,5
2018-11-15,102376,102376,2
2018-11-16,102376,102376,7
2018-11-17,102375,102375,2
2018-11-18,102374,102374,6
2018-11-19,102369,102369,9
2018-11-20,102376,102376,7
2018-11-21,102376,102376,2
2018-11-22,102376,102376,1
2018-11-23,102314,102314,3
2018-11-24,102312,102312,1
2018-11-25,102222,102222,3
2018-11-26,102283,102283,9
2018-11-27,102284,102284,8
2018-11-28,102237,102237,2
2018-11-29,102237,102237,7
2018-11-30,102238,102238,7
2018-12-01,102191,102191,4
2018-12-02,102189,102189,2
2018-12-03,102190,102190,1
2018-12-04,102191,102191,5
2018-12-05,103411,103411,3
2018-12-06,103351,103351,7
2018-12-07,103412,103412,11
2018-12-08,104630,104630,1
2018-12-09,104632,104632,1
2018-12-10,104632,104632,14
2018-12-11,104632,104632,6
2018-12-12,104632,104632,5
2018-12-13,104632,104632,3
2018-12-14,104632,104632,2
2018-12-15,104584,104584,3
2018-12-16,104537,104537,1
2018-12-17,104538,104538,8
2018-12-18,104492,104492,8
2018-12-19,105714,105714,8
2018-12-20,105714,105714,4
2018-12-21,106933,106933,3
2018-12-22,106934,106934,9
2018-12-23,106933,106933,0
2018-12-24,106932,106932,4
2018-12-25,106933,106933,0
2018-12-26,106933,106933,3
2018-12-27,106931,106931,0
2018-12-28,106931,106931,2
2018-12-29,106929,106929,6
2018-12-30,106915,106915,2
2018-12-31,106916,106916,3
2019-01-01,106918,106918,4
2019-01-02,106836,106836,4
2019-01-03,106884,106884,7
2019-01-04,106747,106747,3
2019-01-05,108015,108015,3
2019-01-06,108015,108015,2
2019-01-07,107969,107969,8
2019-01-08,107877,107877,7
2019-01-09,107831,107831,1
2019-01-10,107462,107462,10
2019-01-11,107463,107463,7
2019-01-12,107370,107370,1
2019-01-13,107187,107187,4
2019-01-14,106865,106865,5
2019-01-15,106267,106267,7
2019-01-16,106266,106266,4
2019-01-17,106268,106268,6
2019-01-18,106222,106222,2
2019-01-19,106222,106222,2
2019-01-20,106220,106220,1
2019-01-21,106221,106221,10
2019-01-22,106221,106221,6
2019-01-23,107488,107488,12
2019-01-24,107303,107303,6
2019-01-25,106983,106983,6
2019-01-26,106936,106936,2
2019-01-27,106885,106885,4
2019-01-28,106889,106889,6
2019-01-29,106890,106890,2
2019-01-30,106154,106154,1
2019-01-31,106093,106093,2
2019-02-01,106032,106032,3
2019-02-02,105846,105846,4
2019-02-03,105847,105847,4
2019-02-04,105785,105785,4
2019-02-05,105970,105970,3
2019-02-06,105739,105739,7
2019-02-07,105693,105693,10
2019-02-08,105694,105694,7
2019-02-09,105693,105693,1
2019-02-10,105648,105648,7
2019-02-11,105648,105648,14
2019-02-12,105648,105648,3
2019-02-13,105372,105372,2
2019-02-14,105326,105326,7
2019-02-15,105325,105325,5
2019-02-16,105325,105325,2
2019-02-17,105326,105326,4
2019-02-18,105326,105326,4
2019-02-19,105322,105322,3
2019-02-20,105326,105326,2
2019-02-21,104493,104493,5
2019-02-22,104314,104314,4
2019-02-23,104130,104130,2
2019-02-24,104036,104036,8
2019-02-25,103974,103974,5
2019-02-26,104037,104037,6
2019-02-27,103946,103946,4
2019-02-28,105166,105166,4
2019-03-01,106386,106386,4
2019-03-02,107606,107606,2
2019-03-03,107376,107376,5
2019-03-04,107376,107376,8
2019-03-05,107915,107915,1
2019-03-06,107702,107702,3
2019-03-07,107610,107610,1
2019-03-08,107732,107732,5
2019-03-09,107732,107732,1
2019-03-10,107685,107685,4
2019-03-11,107623,107623,3
2019-03-12,107579,107579,4
2019-03-13,107226,107226,10
2019-03-14,106966,106966,7
2019-03-15,106903,106903,5
2019-03-16,106901,106901,5
2019-03-17,106902,106902,4
2019-03-18,106831,106831,14
2019-03-19,106903,106903,12
2019-03-20,106856,106856,6
2019-03-21,106856,106856,2
2019-03-22,106765,106765,7
2019-03-23,106534,106534,2
2019-03-24,106305,106305,3
2019-03-25,106075,106075,8
2019-03-26,105800,105800,7
2019-03-27,105661,105661,3
2019-03-28,106882,106882,6
2019-03-29,106606,106606,6
2019-03-30,106560,106560,1
2019-03-31,106238,106238,0
2019-04-01,106236,106236,12
2019-04-02,106237,106237,10
2019-04-03,106008,106008,9
2019-04-04,105956,105956,10
2019-04-05,105824,105824,4
2019-04-06,105776,105776,1
2019-04-07,105778,105778,2
2019-04-08,105731,105731,3
2019-04-09,105732,105732,8
2019-04-10,105732,105732,4
2019-04-11,105669,105669,3
2019-04-12,105671,105671,1
2019-04-13,105671,105671,2
2019-04-14,105670,105670,1
2019-04-15,105669,105669,11
2019-04-16,105670,105670,1
2019-04-17,105732,105732,6
2019-04-18,105731,105731,7
2019-04-19,105670,105670,5
2019-04-20,105670,105670,3
2019-04-21,105671,105671,3
2019-04-22,105671,105671,8
2019-04-23,105670,105670,8
2019-04-24,105730,105730,5
2019-04-25,105732,105732,6
2019-04-26,105731,105731,4
2019-04-27,105732,105732,2
2019-04-28,105732,105732,4
2019-04-29,105625,105625,6
2019-04-30,105624,105624,1
2019-05-01,105670,105670,5
2019-05-02,105778,105778,8
2019-05-03,105777,105777,2
2019-05-04,106998,106998,4
2019-05-05,106935,106935,1
2019-05-06,106936,106936,15
2019-05-07,106936,106936,8
2019-05-08,106937,106937,6
2019-05-09,106997,106997,3
2019-05-10,106998,106998,5
2019-05-11,106998,106998,5
2019-05-12,106997,106997,2
2019-05-13,106936,106936,10
2019-05-14,106997,106997,12
2019-05-15,106997,106997,8
2019-05-16,108218,108218,4
2019-05-17,108217,108217,8
2019-05-18,108218,108218,2
2019-05-19,108218,108218,2
2019-05-20,108218,108218,7
2019-05-21,108218,108218,6
2019-05-22,108218,108218,8
2019-05-23,108216,108216,3
2019-05-24,108217,108217,5
2019-05-25,108217,108217,1
2019-05-26,108218,108218,2
2019-05-27,109438,109438,2
2019-05-28,109436,109436,10
2019-05-29,109436,109436,7
2019-05-30,109438,109438,6
2019-05-31,109392,109392,4
2019-06-01,110611,110611,2
2019-06-02,110611,110611,7
2019-06-03,110610,110610,6
2019-06-04,110657,110657,7
2019-06-05,110656,110656,10
2019-06-06,110657,110657,9
2019-06-07,110715,110715,5
2019-06-08,110718,110718,5
2019-06-09,110718,110718,10
2019-06-10,110716,110716,1
2019-06-11,110655,110655,12
2019-06-12,110656,110656,7
2019-06-13,110660,110660,5
2019-06-14,110656,110656,0
2019-06-15,110656,110656,4
2019-06-16,110594,110594,5
2019-06-17,110533,110533,8
2019-06-18,110595,110595,13
2019-06-19,110699,110699,8
2019-06-20,110702,110702,11
2019-06-21,110640,110640,2
2019-06-22,110701,110701,1
2019-06-23,110702,110702,1
2019-06-24,110701,110701,10
2019-06-25,110701,110701,9
2019-06-26,110702,110702,6
2019-06-27,110701,110701,7
2019-06-28,110702,110702,7
2019-06-29,110702,110702,1
2019-06-30,110640,110640,0
2019-07-01,110638,110638,8
2019-07-02,110640,110640,6
2019-07-03,110700,110700,6
2019-07-04,110702,110702,3
2019-07-05,110700,110700,2
2019-07-06,110637,110637,4
2019-07-07,110640,110640,2
2019-07-08,110641,110641,10
2019-07-09,110594,110594,8
2019-07-10,110593,110593,9
2019-07-11,110653,110653,5
2019-07-12,110656,110656,6
2019-07-13,110731,110731,1
2019-07-14,110732,110732,6
2019-07-15,110686,110686,10
2019-07-16,110685,110685,14
2019-07-17,110684,110684,4
2019-07-18,110765,110765,13
2019-07-19,111312,111312,16
2019-07-20,111266,111266,5
2019-07-21,111265,111265,3
2019-07-22,111206,111206,11
2019-07-23,111206,111206,9
2019-07-24,111851,111851,7
2019-07-25,111852,111852,5
2019-07-26,111853,111853,11
2019-07-27,111790,111790,3
2019-07-28,111734,111734,8
2019-07-29,111669,111669,11
2019-07-30,111796,111796,6
2019-07-31,111856,111856,8
2019-08-01,111857,111857,3
2019-08-02,111858,111858,11
2019-08-03,111858,111858,6
2019-08-04,111858,111858,5
2019-08-05,111858,111858,7
2019-08-06,111856,111856,6
2019-08-07,111796,111796,10
2019-08-08,111795,111795,3
2019-08-09,111796,111796,5
2019-08-10,111734,111734,2
2019-08-11,111734,111734,3
2019-08-12,111734,111734,8
2019-08-13,113014,113014,7
2019-08-14,113014,113014,2
2019-08-15,113014,113014,8
2019-08-16,113014,113014,6
2019-08-17,113015,113015,3
2019-08-18,113012,113012,3
2019-08-19,113015,113015,5
2019-08-20,113015,113015,4
2019-08-21,112969,112969,7
2019-08-22,113013,113013,2
2019-08-23,113017,113017,7
2019-08-24,113014,113014,8
2019-08-25,112983,112983,12
2019-08-26,112926,112926,0
2019-08-27,112926,112926,13
2019-08-28,112924,112924,7
2019-08-29,112924,112924,10
2019-08-30,112877,112877,9
2019-08-31,112985,112985,9
2019-09-01,112919,112919,5
2019-09-02,112922,112922,2
2019-09-03,112886,112886,10
2019-09-04,112951,112951,12
2019-09-05,112953,112953,7
2019-09-06,112955,112955,12
2019-09-07,112956,112956,8
2019-09-08,112833,112833,5
2019-09-09,112786,112786,11
2019-09-10,112893,112893,4
2019-09-11,112893,112893,4
2019-09-12,112948,112948,5
2019-09-13,112953,112953,13
2019-09-14,112956,112956,4
2019-09-15,112954,112954,7
2019-09-16,112891,112891,9
2019-09-17,112953,112953,16
2019-09-18,112954,112954,11
2019-09-19,112955,112955,7
2019-09-20,112954,112954,11
2019-09-21,112956,112956,6
2019-09-22,114174,114174,6
2019-09-23,114173,114173,9
2019-09-24,115395,115395,3
2019-09-25,115396,115396,5
2019-09-26,115394,115394,4
2019-09-27,115395,115395,10
2019-09-28,115257,115257,5
2019-09-29,115260,115260,0
2019-09-30,115150,115150,0
2019-10-01,115259,115259,9
2019-10-02,115258,115258,18
2019-10-03,115255,115255,8
2019-10-04,115257,115257,6
2019-10-05,115259,115259,3
2019-10-06,115259,115259,6
2019-10-07,115256,115256,6
2019-10-08,115259,115259,6
2019-10-09,115258,115258,9
2019-10-10,115258,115258,10
2019-10-11,116479,116479,10
2019-10-12,116477,116477,4
2019-10-13,116477,116477,7
2019-10-14,116414,116414,16
2019-10-15,116472,116472,0
2019-10-16,116472,116472,13
2019-10-17,116478,116478,5
2019-10-18,116479,116479,3
2019-10-19,116480,116480,4
2019-10-20,116477,116477,2
2019-10-21,116478,116478,12
2019-10-22,116478,116478,6
2019-10-23,116480,116480,11
2019-10-24,116480,116480,6
2019-10-25,116479,116479,6
2019-10-26,116418,116418,5
2019-10-27,116413,116413,6
2019-10-28,116415,116415,8
2019-10-29,117639,117639,8
2019-10-30,118918,118918,7
2019-10-31,118918,118918,10
2019-11-01,118919,118919,14
2019-11-02,118918,118918,6
2019-11-03,118919,118919,12
2019-11-04,118917,118917,16
2019-11-05,55980,55980,5
2019-11-06,118918,118918,8
2019-11-07,118920,118920,7
2019-11-08,118919,118919,8
2019-11-09,118920,118920,14
2019-11-10,118918,118918,11
2019-11-11,120135,120135,12
2019-11-12,120137,120137,6
2019-11-13,121297,121297,9
2019-11-14,121358,121358,11
2019-11-15,121358,121358,15
2019-11-16,121356,121356,11
2019-11-17,121293,121293,12
2019-11-18,121293,121293,16
2019-11-19,121294,121294,12
2019-11-20,121358,121358,16
2019-11-21,121359,121359,6
2019-11-22,121352,121352,15
2019-11-23,121359,121359,5
2019-11-24,121360,121360,7
2019-11-25,121360,121360,10
2019-11-26,121352,121352,7
2019-11-27,122580,122580,8
2019-11-28,122578,122578,1
2019-11-29,122577,122577,0
2019-11-30,122578,122578,13
2019-12-01,122579,122579,8
2019-12-02,122580,122580,12
2019-12-03,122578,122578,1
2019-12-04,122580,122580,7
2019-12-05,122580,122580,7
2019-12-06,122580,122580,6
2019-12-07,122580,122580,6
2019-12-08,122579,122579,5
2019-12-09,122518,122518,3
2019-12-10,122580,122580,8
2019-12-11,122579,122579,2
2019-12-12,122575,122575,4
2019-12-13,122579,122579,10
2019-12-14,122580,122580,6
2019-12-15,122575,122575,5
2019-12-16,122578,122578,7
2019-12-17,123800,123800,2
2019-12-18,123800,123800,7
2019-12-19,123794,123794,4
2019-12-20,123800,123800,7
2019-12-21,125014,125014,6
2019-12-22,125018,125018,1
2019-12-23,125020,125020,4
2019-12-24,125020,125020,4
2019-12-25,125020,125020,1
2019-12-26,125017,125017,4
2019-12-27,124958,124958,1
2019-12-28,124957,124957,5
2019-12-29,124958,124958,1
2019-12-30,124896,124896,9
2019-12-31,124956,124956,0
2020-01-01,124955,124955,6
2020-01-02,124902,124902,4
2020-01-03,124959,124959,10
2020-01-04,125019,125019,3
2020-01-05,125020,125020,6
2020-01-06,125019,125019,13
2020-01-07,125018,125018,5
2020-01-08,125020,125020,5
2020-01-09,125020,125020,4
2020-01-10,125020,125020,6
2020-01-11,125020,125020,1
2020-01-12,125020,125020,6
2020-01-13,125019,125019,11
2020-01-14,125017,125017,5
2020-01-15,125020,125020,4
2020-01-16,125020,125020,4
2020-01-17,125019,125019,5
2020-01-18,125019,125019,5
2020-01-19,125019,125019,4
2020-01-20,124972,124972,11
2020-01-21,125462,125462,4
2020-01-22,125506,125506,4
2020-01-23,126239,126239,8
2020-01-24,126239,126239,3
2020-01-25,126239,126239,6
2020-01-26,126240,126240,6
2020-01-27,126240,126240,9
2020-01-28,126240,126240,6
2020-01-29,126239,126239,4
2020-01-30,126238,126238,3
2020-01-31,126240,126240,4
2020-02-01,126240,126240,1
2020-02-02,126220,126220,6
2020-02-03,126239,126239,5
2020-02-04,126240,126240,9
2020-02-05,127460,127460,6
2020-02-06,127460,127460,4
2020-02-07,127454,127454,6
2020-02-08,127460,127460,5
2020-02-09,127460,127460,5
2020-02-10,127459,127459,6
2020-02-11,127460,127460,5
2020-02-12,127459,127459,2
2020-02-13,127460,127460,4
2020-02-14,127459,127459,5
2020-02-15,126238,126238,6
2020-02-16,126240,126240,5
2020-02-17,126234,126234,2
2020-02-18,126232,126232,4
2020-02-19,126240,126240,2
2020-02-20,127460,127460,5
2020-02-21,127458,127458,5
2020-02-22,127459,127459,2
2020-02-23,127459,127459,5
2020-02-24,127459,127459,2
2020-02-25,127460,127460,3
2020-02-26,127460,127460,3
2020-02-27,127460,127460,5
2020-02-28,127460,127460,3
2020-02-29,127459,127459,0
2020-03-01,127460,127460,6
2020-03-02,127457,127457,7
2020-03-03,128679,128679,6
2020-03-04,128678,128678,1
2020-03-05,128680,128680,4
2020-03-06,128680,128680,4
2020-03-07,128679,128679,0
2020-03-08,128680,128680,1
2020-03-09,128679,128679,8
2020-03-10,128679,128679,6
2020-03-11,128677,128677,3
2020-03-12,128679,128679,3
2020-03-13,128680,128680,2
2020-03-14,128680,128680,5
2020-03-15,128677,128677,0
2020-03-16,128679,128679,5
2020-03-17,129899,129899,6
2020-03-18,129897,129897,6
2020-03-19,131058,131058,2
2020-03-20,131118,131118,4
2020-03-21,131120,131120,3
2020-03-22,131119,131119,2
2020-03-23,131059,131059,4
2020-03-24,132338,132338,1
2020-03-25,132340,132340,2
2020-03-26,132311,132311,10
2020-03-27,132340,132340,7
2020-03-28,132339,132339,3
2020-03-29,132340,132340,1
2020-03-30,132340,132340,1
2020-03-31,132339,132339,0
2020-04-01,132340,132340,3
2020-04-02,132339,132339,3
2020-04-03,132339,132339,5
2020-04-04,132339,132339,10
2020-04-05,132340,132340,1
2020-04-06,132340,132340,7
2020-04-07,132339,132339,3
2020-04-08,132339,132339,3
2020-04-09,132339,132339,5
2020-04-10,133560,133560,1
2020-04-11,133560,133560,8
2020-04-12,133560,133560,2
2020-04-13,133558,133558,1
2020-04-14,133560,133560,4
2020-04-15,133560,133560,3
2020-04-16,133560,133560,1
2020-04-17,133560,133560,8
2020-04-18,133559,133559,3
2020-04-19,133559,133559,3
2020-04-20,133528,133528,3
2020-04-21,134750,134750,3
2020-04-22,135257,135257,5
2020-04-23,135259,135259,4
2020-04-24,135258,135258,4
2020-04-25,135259,135259,2
2020-04-26,135259,135259,2
2020-04-27,135258,135258,5
2020-04-28,136476,136476,2
2020-04-29,136479,136479,4
2020-04-30,136479,136479,1
2020-05-01,136540,136540,3
2020-05-02,136536,136536,2
2020-05-03,136539,136539,4
2020-05-04,136538,136538,4
2020-05-05,136540,136540,8
2020-05-06,136537,136537,7
2020-05-07,136355,136355,5
2020-05-08,136356,136356,2
2020-05-09,136352,136352,5
2020-05-10,136356,136356,4
2020-05-11,136357,136357,4
2020-05-12,136357,136357,3
2020-05-13,136479,136479,5
2020-05-14,136539,136539,6
2020-05-15,136412,136412,3
2020-05-16,136957,136957,0
2020-05-17,136958,136958,2
2020-05-18,136956,136956,8
2020-05-19,136956,136956,7
2020-05-20,138176,138176,4
2020-05-21,138178,138178,6
2020-05-22,139337,139337,5
2020-05-23,139275,139275,2
2020-05-24,139276,139276,3
2020-05-25,139276,139276,1
2020-05-26,139273,139273,7
2020-05-27,139273,139273,3
2020-05-28,139274,139274,1
2020-05-29,139396,139396,3
2020-05-30,139334,139334,3
2020-05-31,139331,139331,1
2020-06-01,139286,139286,8
2020-06-02,139334,139334,2
2020-06-03,139456,139456,1
2020-06-04,139518,139518,4
2020-06-05,139396,139396,3
2020-06-06,139392,139392,2
2020-06-07,139333,139333,0
2020-06-08,139395,139395,7
2020-06-09,138457,138457,1
2020-06-10,140555,140555,3
2020-06-11,140492,140492,3
2020-06-12,140371,140371,5
2020-06-13,140311,140311,2
2020-06-14,140313,140313,0
2020-06-15,140283,140283,2
2020-06-16,140313,140313,6
2020-06-17,140496,140496,2
2020-06-18,140372,140372,1
2020-06-19,140311,140311,0
2020-06-20,141408,141408,4
2020-06-21,141345,141345,3
2020-06-22,141347,141347,1
2020-06-23,141410,141410,4
2020-06-24,141653,141653,3
2020-06-25,141714,141714,4
2020-06-26,141654,141654,5
2020-06-27,142813,142813,3
2020-06-28,142628,142628,2
2020-06-29,142630,142630,3
2020-06-30,142630,142630,0
2020-07-01,142507,142507,2
2020-07-02,142383,142383,4
2020-07-03,142383,142383,4
2020-07-04,142377,142377,2
2020-07-05,142329,142329,5
2020-07-06,142314,142314,4
2020-07-07,143726,143726,7
2020-07-08,143970,143970,2
2020-07-09,144030,144030,6
2020-07-10,144147,144147,5
2020-07-11,144063,144063,5
2020-07-12,143756,143756,4
2020-07-13,143751,143751,7
2020-07-14,143754,143754,6
2020-07-15,143692,143692,5
2020-07-16,143547,143547,7
2020-07-17,143576,143576,4
2020-07-18,143630,143630,5
2020-07-19,143632,143632,1
2020-07-20,143600,143600,5
2020-07-21,143723,143723,3
2020-07-22,143788,143788,3
2020-07-23,143666,143666,2
2020-07-24,143605,143605,3
2020-07-25,143665,143665,7
2020-07-26,143665,143665,1
2020-07-27,143667,143667,7
2020-07-28,143826,143826,2
2020-07-29,145313,145313,5
2020-07-30,145435,145435,9
2020-07-31,145190,145190,3
2020-08-01,145070,145070,1
2020-08-02,144857,144857,3
2020-08-03,144887,144887,4
2020-08-04,144931,144931,6
2020-08-05,145109,145109,8
2020-08-06,144922,144922,4
2020-08-07,146085,146085,0
2020-08-08,146084,146084,3
2020-08-09,146086,146086,5
2020-08-10,146084,146084,4
2020-08-11,146157,146157,5
2020-08-12,146400,146400,3
2020-08-13,146704,146704,4
2020-08-14,148058,148058,0
2020-08-15,147936,147936,6
2020-08-16,147509,147509,3
2020-08-17,147488,147488,3
2020-08-18,147510,147510,2
2020-08-19,147329,147329,5
2020-08-20,148222,148222,8
2020-08-21,148400,148400,3
2020-08-22,148523,148523,3
2020-08-23,148584,148584,4
2020-08-24,148562,148562,6
2020-08-25,148660,148660,5
2020-08-26,148911,148911,5
2020-08-27,149032,149032,2
2020-08-28,148972,148972,1
2020-08-29,148607,148607,4
2020-08-30,148544,148544,2
2020-08-31,148542,148542,3
2020-09-01,149767,149767,4
2020-09-02,149767,149767,7
2020-09-03,150009,150009,3
2020-09-04,149951,149951,1
2020-09-05,149920,149920,0
2020-09-06,149887,149887,2
2020-09-07,149887,149887,5
2020-09-08,149821,149821,8
2020-09-09,150010,150010,6
2020-09-10,150102,150102,6
2020-09-11,150283,150283,3
2020-09-12,150172,150172,4
2020-09-13,149939,149939,0
2020-09-14,151160,151160,8
2020-09-15,151167,151167,5
2020-09-16,150926,150926,3
2020-09-17,150804,150804,3
2020-09-18,150843,150843,2
2020-09-19,152024,152024,8
2020-09-20,152022,152022,2
2020-09-21,152021,152021,2
2020-09-22,152176,152176,7
2020-09-23,152362,152362,10
2020-09-24,152323,152323,5
2020-09-25,152385,152385,2
2020-09-26,153726,153726,3
2020-09-27,153725,153725,3
2020-09-28,153703,153703,3
2020-09-29,153725,153725,3
2020-09-30,153727,153727,0
2020-10-01,153725,153725,5
2020-10-02,153722,153722,4
2020-10-03,153719,153719,3
2020-10-04,153719,153719,2
2020-10-05,153717,153717,7
2020-10-06,153967,153967,3
2020-10-07,155250,155250,4
2020-10-08,154578,154578,7
2020-10-09,154274,154274,3
2020-10-10,154213,154213,2
2020-10-11,154211,154211,7
2020-10-12,154204,154204,1
2020-10-13,154391,154391,3
2020-10-14,154653,154653,5
2020-10-15,155131,155131,5
2020-10-16,155070,155070,3
2020-10-17,154949,154949,3
2020-10-18,154888,154888,3
2020-10-19,154825,154825,3
2020-10-20,154887,154887,8
2020-10-21,154522,154522,4
2020-10-22,154158,154158,4
2020-10-23,154279,154279,3
2020-10-24,154338,154338,1
2020-10-25,154338,154338,5
2020-10-26,154335,154335,10
2020-10-27,154946,154946,4
2020-10-28,156344,156344,8
2020-10-29,156702,156702,4
2020-10-30,156433,156433,6
2020-10-31,156179,156179,5
2020-11-01,156097,156097,3
2020-11-02,156097,156097,2
2020-11-03,156222,156222,9
2020-11-04,156340,156340,7
2020-11-05,156766,156766,5
2020-11-06,156929,156929,0
2020-11-07,156927,156927,4
2020-11-08,156889,156889,6
2020-11-09,156886,156886,8
2020-11-10,157125,157125,5
2020-11-11,157987,157987,7
2020-11-12,157498,157498,3
2020-11-13,158415,158415,3
2020-11-14,159575,159575,0
2020-11-15,159514,159514,3
2020-11-16,159497,159497,6
2020-11-17,159758,159758,4
2020-11-18,160123,160123,3
2020-11-19,160125,160125,9
2020-11-20,158904,158904,9
2020-11-21,159082,159082,2
2020-11-22,159085,159085,4
2020-11-23,159020,159020,10
2020-11-24,161509,161509,8
2020-11-25,161712,161712,6
2020-11-26,161692,161692,0
2020-11-27,161672,161672,1
2020-11-28,161692,161692,5
2020-11-29,161631,161631,5
2020-11-30,161565,161565,3
2020-12-01,162190,162190,4
2020-12-02,162249,162249,10
2020-12-03,162033,162033,6
2020-12-04,161819,161819,5
2020-12-05,161755,161755,0
2020-12-06,161819,161819,1
2020-12-07,161819,161819,2
2020-12-08,162008,162008,8
2020-12-09,161675,161675,5
2020-12-10,162821,162821,4
2020-12-11,162910,162910,5
2020-12-12,162684,162684,2
2020-12-13,162625,162625,2
2020-12-14,162624,162624,5
2020-12-15,164009,164009,10
2020-12-16,164090,164090,1
2020-12-17,164152,164152,5
2020-12-18,164274,164274,8
2020-12-19,164452,164452,2
2020-12-20,164452,164452,4
2020-12-21,164390,164390,7
2020-12-22,164457,164457,2
2020-12-23,164457,164457,3
2020-12-24,164997,164997,7
2020-12-25,164995,164995,4
2020-12-26,164991,164991,4
2020-12-27,164994,164994,3
2020-12-28,164941,164941,3
2020-12-29,164993,164993,3
2020-12-30,164929,164929,4
2020-12-31,165530,165530,0
2021-01-01,165512,165512,4
2021-01-02,165457,165457,3
2021-01-03,165503,165503,2
2021-01-04,165504,165504,10
2021-01-05,165533,165533,5
2021-01-06,165289,165289,3
2021-01-07,164922,164922,4
2021-01-08,165098,165098,10
2021-01-09,165065,165065,4
2021-01-10,165035,165035,3
2021-01-11,165088,165088,8
2021-01-12,165202,165202,7
2021-01-13,165186,165186,7
2021-01-14,165636,165636,6
2021-01-15,165576,165576,5
2021-01-16,166116,166116,2
2021-01-17,166035,166035,3
2021-01-18,166035,166035,1
2021-01-19,166049,166049,4
2021-01-20,166364,166364,9
2021-01-21,166362,166362,5
2021-01-22,167338,167338,3
2021-01-23,167032,167032,2
2021-01-24,167031,167031,6
2021-01-25,167032,167032,5
2021-01-26,167156,167156,4
2021-01-27,167402,167402,1
2021-01-28,167518,167518,4
2021-01-29,168796,168796,7
2021-01-30,170011,170011,2
2021-01-31,169740,169740,2
2021-02-01,169740,169740,6
2021-02-02,169834,169834,2
2021-02-03,169956,169956,9
2021-02-04,170044,170044,11
2021-02-05,169984,169984,1
2021-02-06,169977,169977,6
2021-02-07,169917,169917,5
2021-02-08,169854,169854,8
2021-02-09,170157,170157,5
2021-02-10,170161,170161,5
2021-02-11,170235,170235,2
2021-02-12,170107,170107,3
2021-02-13,169804,169804,3
2021-02-14,169564,169564,2
2021-02-15,169502,169502,7
2021-02-16,169374,169374,5
2021-02-17,169743,169743,5
2021-02-18,172339,172339,2
2021-02-19,172373,172373,5
2021-02-20,172433,172433,6
2021-02-21,172066,172066,4
2021-02-22,172123,172123,4
2021-02-23,172249,172249,5
2021-02-24,171882,171882,5
2021-02-25,171941,171941,5
2021-02-26,171274,171274,5
2021-02-27,171183,171183,4
2021-02-28,170929,170929,4
2021-03-01,170936,170936,1
2021-03-02,171303,171303,7
2021-03-03,171547,171547,4
2021-03-04,171423,171423,6
2021-03-05,171097,171097,2
2021-03-06,170869,170869,3
2021-03-07,170872,170872,3
2021-03-08,170796,170796,3
2021-03-09,171119,171119,3
2021-03-10,171240,171240,7
2021-03-11,172645,172645,10
2021-03-12,172403,172403,5
2021-03-13,172157,172157,4
2021-03-14,171791,171791,0
2021-03-15,171425,171425,3
2021-03-16,172198,172198,3
2021-03-17,172341,172341,4
2021-03-18,172401,172401,6
2021-03-19,172527,172527,8
2021-03-20,172338,172338,4
2021-03-21,171854,171854,4
2021-03-22,171912,171912,5
2021-03-23,174100,174100,3
2021-03-24,175383,175383,3
2021-03-25,175381,175381,5
2021-03-26,175502,175502,3
2021-03-27,175139,175139,6
2021-03-28,174893,174893,2
2021-03-29,174894,174894,5
2021-03-30,175075,175075,2
2021-03-31,175443,175443,0
2021-04-01,175626,175626,8
2021-04-02,175505,175505,3
2021-04-03,175319,175319,4
2021-04-04,175259,175259,4
2021-04-05,175257,175257,8
2021-04-06,175622,175622,7
2021-04-07,175501,175501,3
2021-04-08,175320,175320,12
2021-04-09,175136,175136,2
2021-04-10,175200,175200,8
2021-04-11,175046,175046,1
2021-04-12,175077,175077,3
2021-04-13,175383,175383,1
2021-04-14,175446,175446,7
2021-04-15,175567,175567,10
2021-04-16,175384,175384,9
2021-04-17,176720,176720,4
2021-04-18,176382,176382,3
2021-04-19,176442,176442,6
2021-04-20,176665,176665,5
2021-04-21,176665,176665,2
2021-04-22,176665,176665,11
2021-04-23,176842,176842,8
2021-04-24,176675,176675,2
2021-04-25,176355,176355,9
2021-04-26,176350,176350,6
2021-04-27,176598,176598,4
2021-04-28,176540,176540,7
2021-04-29,176781,176781,5
2021-04-30,176720,176720,6
2021-05-01,176780,176780,6
2021-05-02,176473,176473,5
2021-05-03,176414,176414,4
2021-05-04,176660,176660,5
2021-05-05,176723,176723,6
2021-05-06,176756,176756,5
2021-05-07,176539,176539,2
2021-05-08,176537,176537,5
2021-05-09,176601,176601,2
2021-05-10,176600,176600,9
2021-05-11,176837,176837,6
2021-05-12,177023,177023,7
2021-05-13,177144,177144,8
2021-05-14,176721,176721,5
2021-05-15,176600,176600,6
2021-05-16,176418,176418,6
2021-05-17,176359,176359,13
2021-05-18,176601,176601,6
2021-05-19,176723,176723,8
2021-05-20,176782,176782,6
2021-05-21,178249,178249,4
2021-05-22,178129,178129,6
2021-05-23,174042,174042,3
2021-05-24,177756,177756,5
2021-05-25,178122,178122,7
2021-05-26,178006,178006,11
2021-05-27,179407,179407,4
2021-05-28,179561,179561,3
2021-05-29,180750,180750,2
2021-05-30,180386,180386,6
2021-05-31,180322,180322,4
2021-06-01,180256,180256,5
2021-06-02,181046,181046,7
2021-06-03,181044,181044,10
2021-06-04,181169,181169,4
2021-06-05,180981,180981,7
2021-06-06,180982,180982,5
2021-06-07,180982,180982,6
2021-06-08,181289,181289,6
2021-06-09,181290,181290,10
2021-06-10,181197,181197,5
2021-06-11,180985,180985,8
2021-06-12,180743,180743,5
2021-06-13,180594,180594,0
2021-06-14,180594,180594,5
2021-06-15,182117,182117,6
2021-06-16,182205,182205,4
2021-06-17,182207,182207,7
2021-06-18,182359,182359,7
2021-06-19,182390,182390,8
2021-06-20,182266,182266,0
2021-06-21,182248,182248,9
2021-06-22,182305,182305,2
2021-06-23,182449,182449,9
2021-06-24,182692,182692,4
2021-06-25,182692,182692,5
2021-06-26,182573,182573,8
2021-06-27,182381,182381,2
2021-06-28,182391,182391,9
2021-06-29,182387,182387,1
2021-06-30,181609,181609,0
2021-07-01,182264,182264,0
2021-07-02,182264,182264,4
2021-07-03,182261,182261,8
2021-07-04,182259,182259,3
2021-07-05,182212,182212,4
2021-07-06,182215,182215,10
2021-07-07,182338,182338,7
2021-07-08,182463,182463,6
2021-07-09,182707,182707,9
2021-07-10,182767,182767,6
2021-07-11,182584,182584,7
2021-07-12,182525,182525,9
2021-07-13,182465,182465,10
2021-07-14,182390,182390,7
2021-07-15,182404,182404,7
2021-07-16,182573,182573,10
2021-07-17,182634,182634,4
2021-07-18,182513,182513,6
2021-07-19,182513,182513,5
2021-07-20,183792,183792,13
2021-07-21,185073,185073,1
2021-07-22,185493,185493,6
2021-07-23,185554,185554,2
2021-07-24,185372,185372,7
2021-07-25,185356,185356,6
2021-07-26,185370,185370,6
2021-07-27,185352,185352,6
2021-07-28,185471,185471,6
2021-07-29,185551,185551,6
2021-07-30,185733,185733,5
2021-07-31,185667,185667,9
2021-08-01,185676,185676,2
2021-08-02,186897,186897,5
2021-08-03,188055,188055,6
2021-08-04,188174,188174,9
2021-08-05,188115,188115,5
2021-08-06,189995,189995,2
2021-08-07,189930,189930,10
2021-08-08,189936,189936,4
2021-08-09,189990,189990,8
2021-08-10,189966,189966,3
2021-08-11,189997,189997,8
2021-08-12,189809,189809,17
2021-08-13,189808,189808,10
2021-08-14,189789,189789,5
2021-08-15,189749,189749,5
2021-08-16,189743,189743,4
2021-08-17,189752,189752,4
2021-08-18,189874,189874,11
2021-08-19,189870,189870,3
2021-08-20,189935,189935,9
2021-08-21,189874,189874,5
2021-08-22,189813,189813,2
2021-08-23,189811,189811,5
2021-08-24,191032,191032,8
2021-08-25,191029,191029,3
2021-08-26,190973,190973,10
2021-08-27,192313,192313,6
2021-08-28,192311,192311,8
2021-08-29,192313,192313,1
2021-08-30,192314,192314,6
2021-08-31,192313,192313,12
2021-09-01,192312,192312,4
2021-09-02,193471,193471,10
2021-09-03,193565,193565,1
2021-09-04,193534,193534,16
2021-09-05,193568,193568,2
2021-09-06,193636,193636,2
2021-09-07,193634,193634,9
2021-09-08,193575,193575,6
2021-09-09,193718,193718,8
2021-09-10,193656,193656,10
2021-09-11,193426,193426,12
2021-09-12,193404,193404,6
2021-09-13,193410,193410,9
2021-09-14,193474,193474,9
2021-09-15,193510,193510,3
2021-09-16,193593,193593,10
2021-09-17,193655,193655,5
2021-09-18,193595,193595,5
2021-09-19,193594,193594,2
2021-09-20,193596,193596,10
2021-09-21,193597,193597,2
2021-09-22,194879,194879,7
2021-09-23,194708,194708,10
2021-09-24,194689,194689,8
2021-09-25,194707,194707,9
2021-09-26,194679,194679,6
2021-09-27,194589,194589,2
2021-09-28,194707,194707,1
2021-09-29,194700,194700,5
2021-09-30,194749,194749,0
2021-10-01,194812,194812,7
2021-10-02,194780,194780,9
2021-10-03,194754,194754,3
2021-10-04,194814,194814,6
2021-10-05,194815,194815,10
2021-10-06,194813,194813,10
2021-10-07,194813,194813,7
2021-10-08,194875,194875,6
2021-10-09,194936,194936,6
2021-10-10,194866,194866,5
2021-10-11,194826,194826,10
2021-10-12,194886,194886,10
2021-10-13,194872,194872,6
2021-10-14,194904,194904,7
2021-10-15,196093,196093,6
2021-10-16,196032,196032,4
2021-10-17,195972,195972,9
2021-10-18,196031,196031,2
2021-10-19,196037,196037,10
2021-10-20,195989,195989,7
2021-10-21,196031,196031,8
2021-10-22,196031,196031,5
2021-10-23,196035,196035,4
2021-10-24,197256,197256,5
2021-10-25,197253,197253,6
2021-10-26,197252,197252,6
2021-10-27,197252,197252,9
2021-10-28,197313,197313,9
2021-10-29,197289,197289,6
2021-10-30,197312,197312,10
2021-10-31,197250,197250,6
2021-11-01,197066,197066,4
2021-11-02,197176,197176,6
2021-11-03,197262,197262,7
2021-11-04,197313,197313,7
2021-11-05,197284,197284,8
2021-11-06,197579,197579,8
2021-11-07,197780,197780,9
2021-11-08,197787,197787,6
2021-11-09,199013,199013,4
2021-11-10,198998,198998,7
2021-11-11,199055,199055,5
2021-11-12,199076,199076,9
2021-11-13,199135,199135,8
2021-11-14,199132,199132,7
2021-11-15,199082,199082,11
2021-11-16,199130,199130,7
2021-11-17,199133,199133,11
2021-11-18,199135,199135,6
2021-11-19,199674,199674,14
2021-11-20,199651,199651,10
2021-11-21,199675,199675,7
2021-11-22,199679,199679,9
2021-11-23,199665,199665,11
2021-11-24,199679,199679,4
2021-11-25,199676,199676,6
2021-11-26,199586,199586,5
2021-11-27,199610,199610,10
2021-11-28,199618,199618,5
2021-11-29,199555,199555,11
2021-11-30,199675,199675,9
2021-12-01,199674,199674,10
2021-12-02,199643,199643,11
2021-12-03,199673,199673,5
2021-12-04,199668,199668,5
2021-12-05,199677,199677,5
2021-12-06,199674,199674,7
2021-12-07,199676,199676,3
2021-12-08,199677,199677,7
2021-12-09,206994,206994,5
2021-12-10,206970,206970,6
2021-12-11,206996,206996,5
2021-12-12,206993,206993,10
2021-12-13,206990,206990,10
2021-12-14,206805,206805,23
2021-12-15,205777,205777,11
2021-12-16,205773,205773,9
2021-12-17,205773,205773,5
2021-12-18,205776,205776,8
2021-12-19,205770,205770,6
2021-12-20,205740,205740,12
2021-12-21,205746,205746,11
2021-12-22,206989,206989,10
2021-12-23,206991,206991,1
2021-12-24,207000,207000,6
2021-12-25,206997,206997,5
2021-12-26,206993,206993,7
2021-12-27,206959,206959,3
2021-12-28,206931,206931,4
2021-12-29,206969,206969,5
2021-12-30,206960,206960,3
2021-12-31,206928,206928,9
2022-01-01,206954,206954,3
2022-01-02,206903,206903,7
2022-01-03,206948,206948,8
2022-01-04,206983,206983,6
2022-01-05,206965,206965,6
2022-01-06,206965,206965,12
2022-01-07,206843,206843,4
2022-01-08,206903,206903,5
2022-01-09,206873,206873,4
2022-01-10,206990,206990,5
2022-01-11,206994,206994,12
2022-01-12,206987,206987,9
2022-01-13,206986,206986,6
2022-01-14,206985,206985,4
2022-01-15,206968,206968,1
2022-01-16,206970,206970,9
2022-01-17,206989,206989,4
2022-01-18,206955,206955,9
2022-01-19,206924,206924,9
2022-01-20,206990,206990,13
2022-01-21,206993,206993,9
2022-01-22,206935,206935,3
2022-01-23,206935,206935,8
2022-01-24,206934,206934,3
2022-01-25,206997,206997,6
2022-01-26,206996,206996,7
2022-01-27,206994,206994,4
2022-01-28,206997,206997,8
2022-01-29,206995,206995,7
2022-01-30,206995,206995,7
2022-01-31,206996,206996,7
2022-02-01,206994,206994,2
2022-02-02,208219,208219,13
2022-02-03,208209,208209,5
2022-02-04,208215,208215,6
2022-02-05,208289,208289,8
2022-02-06,208289,208289,5
2022-02-07,208290,208290,4
2022-02-08,208727,208727,9
2022-02-09,208722,208722,8
2022-02-10,208756,208756,5
2022-02-11,208725,208725,8
2022-02-12,208756,208756,7
2022-02-13,208753,208753,5
2022-02-14,208754,208754,3
2022-02-15,208757,208757,7
2022-02-16,208755,208755,6
2022-02-17,208750,208750,6
2022-02-18,209290,209290,6
2022-02-19,209296,209296,10
2022-02-20,210516,210516,4
2022-02-21,211735,211735,2
2022-02-22,211733,211733,5
2022-02-23,211699,211699,8
2022-02-24,211675,211675,3
2022-02-25,211670,211670,6
2022-02-26,211730,211730,4
2022-02-27,211728,211728,13
2022-02-28,211723,211723,4
2022-03-01,211725,211725,10
2022-03-02,211727,211727,11
2022-03-03,211725,211725,9
2022-03-04,211646,211646,15
2022-03-05,211725,211725,10
2022-03-06,211722,211722,5
2022-03-07,211612,211612,4
2022-03-08,211735,211735,5
2022-03-09,211707,211707,11
2022-03-10,211645,211645,9
2022-03-11,211707,211707,10
2022-03-12,211696,211696,13
2022-03-13,211663,211663,7
2022-03-14,211612,211612,8
2022-03-15,211596,211596,9
2022-03-16,211683,211683,10
2022-03-17,211729,211729,14
2022-03-18,211730,211730,15
2022-03-19,211733,211733,10
2022-03-20,211731,211731,11
2022-03-21,211725,211725,4
2022-03-22,211670,211670,6
2022-03-23,211732,211732,10
2022-03-24,211704,211704,12
2022-03-25,211707,211707,16
2022-03-26,211709,211709,16
2022-03-27,211705,211705,10
2022-03-28,211675,211675,7
2022-03-29,211726,211726,4
2022-03-30,211729,211729,6
2022-03-31,211732,211732,0
2022-04-01,211735,211735,2
2022-04-02,211709,211709,5
2022-04-03,211707,211707,9
2022-04-04,211702,211702,3
2022-04-05,212920,212920,2
2022-04-06,212927,212927,18
2022-04-07,212925,212925,7
2022-04-08,212923,212923,6
2022-04-09,212929,212929,9
2022-04-10,212923,212923,6
2022-04-11,212927,212927,4
2022-04-12,213494,213494,9
2022-04-13,213488,213488,10
2022-04-14,213483,213483,6
2022-04-15,213483,213483,4
2022-04-16,213486,213486,11
2022-04-17,213484,213484,5
2022-04-18,213492,213492,18
2022-04-19,213369,213369,15
2022-04-20,213486,213486,10
2022-04-21,213489,213489,8
2022-04-22,213488,213488,7
2022-04-23,213487,213487,10
2022-04-24,213489,213489,15
2022-04-25,213494,213494,5
2022-04-26,213496,213496,7
2022-04-27,213462,213462,7
2022-04-28,213492,213492,8
2022-04-29,213493,213493,13
2022-04-30,214712,214712,9
2022-05-01,214706,214706,6
2022-05-02,214700,214700,4
2022-05-03,214700,214700,10
2022-05-04,214695,214695,12
2022-05-05,214666,214666,13
2022-05-06,215235,215235,22
2022-05-07,215244,215244,7
2022-05-08,215132,215132,4
2022-05-09,215177,215177,4
2022-05-10,215179,215179,11
2022-05-11,215122,215122,5
2022-05-12,215126,215126,5
2022-05-13,215186,215186,8
2022-05-14,215186,215186,15
2022-05-15,215183,215183,15
2022-05-16,215189,215189,22
2022-05-17,215194,215194,8
2022-05-18,215246,215246,6
2022-05-19,215227,215227,8
2022-05-20,216397,216397,8
2022-05-21,215181,215181,11
2022-05-22,215179,215179,12
2022-05-23,215174,215174,5
2022-05-24,215180,215180,7
2022-05-25,215245,215245,16
2022-05-26,215240,215240,5
2022-05-27,215243,215243,10
2022-05-28,215244,215244,6
2022-05-29,215245,215245,10
2022-05-30,215244,215244,1
2022-05-31,215185,215185,8
2022-06-01,215249,215249,11
2022-06-02,215215,215215,8
2022-06-03,215186,215186,12
2022-06-04,215245,215245,9
2022-06-05,215211,215211,16
2022-06-06,68287,68287,6
2022-06-07,215252,215252,9
2022-06-08,215190,215190,13
2022-06-09,215255,215255,7
2022-06-10,215252,215252,10
2022-06-11,215220,215220,11
2022-06-12,215246,215246,6
2022-06-13,215252,215252,7
2022-06-14,215252,215252,8
2022-06-15,215257,215257,12
2022-06-16,216436,216436,7
2022-06-17,217691,217691,9
2022-06-18,218232,218232,10
2022-06-19,218227,218227,7
2022-06-20,218227,218227,3
2022-06-21,218229,218229,14
2022-06-22,218223,218223,8
2022-06-23,218226,218226,16
2022-06-24,218232,218232,14
2022-06-25,219455,219455,12
2022-06-26,219446,219446,6
2022-06-27,219445,219445,1
2022-06-28,219419,219419,7
2022-06-29,219391,219391,5
2022-06-30,219444,219444,0
2022-07-01,219443,219443,11
2022-07-02,219447,219447,18
2022-07-03,219452,219452,15
2022-07-04,219449,219449,2
2022-07-05,219418,219418,7
2022-07-06,219436,219436,14
2022-07-07,219441,219441,6
2022-07-08,219446,219446,16
2022-07-09,219452,219452,8
2022-07-10,219450,219450,4
2022-07-11,219439,219439,12
2022-07-12,219375,219375,12
2022-07-13,219434,219434,23
2022-07-14,219448,219448,9
2022-07-15,219448,219448,10
2022-07-16,219446,219446,10
2022-07-17,219445,219445,5
2022-07-18,219417,219417,6
2022-07-19,219424,219424,15
2022-07-20,219397,219397,15
2022-07-21,220499,220499,13
2022-07-22,221092,221092,16
2022-07-23,221098,221098,7
2022-07-24,221199,221199,7
2022-07-25,221199,221199,13
2022-07-26,221089,221089,15
2022-07-27,221168,221168,16
2022-07-28,221212,221212,10
2022-07-29,221209,221209,8
2022-07-30,221211,221211,5
2022-07-31,221164,221164,15
2022-08-01,221105,221105,9
2022-08-02,221151,221151,7
2022-08-03,221211,221211,11
2022-08-04,221165,221165,9
2022-08-05,221214,221214,2
2022-08-06,222408,222408,7
2022-08-07,222408,222408,14
2022-08-08,222387,222387,11
2022-08-09,222316,222316,4
2022-08-10,222320,222320,7
2022-08-11,222376,222376,16
2022-08-12,223657,223657,9
2022-08-13,224876,224876,9
2022-08-14,224875,224875,8
2022-08-15,224874,224874,10
2022-08-16,226095,226095,16
2022-08-17,226071,226071,19
2022-08-18,226094,226094,12
2022-08-19,226098,226098,14
2022-08-20,226096,226096,11
2022-08-21,226091,226091,7
2022-08-22,226094,226094,7
2022-08-23,226098,226098,13
2022-08-24,226094,226094,6
2022-08-25,226098,226098,14
2022-08-26,227320,227320,9
2022-08-27,224832,224832,7
2022-08-28,224831,224831,5
2022-08-29,224833,224833,12
2022-08-30,224829,224829,9
2022-08-31,227314,227314,12
2022-09-01,227295,227295,12
2022-09-02,227316,227316,21
2022-09-03,224873,224873,11
2022-09-04,224874,224874,15
2022-09-05,224877,224877,2
2022-09-06,224873,224873,5
2022-09-07,224873,224873,12
2022-09-08,224809,224809,9
2022-09-09,227254,227254,9
2022-09-10,227255,227255,11
2022-09-11,227257,227257,11
2022-09-12,227250,227250,7
2022-09-13,227251,227251,9
2022-09-14,227250,227250,13
2022-09-15,227844,227844,18
2022-09-16,227821,227821,9
2022-09-17,227848,227848,10
2022-09-18,227821,227821,8
2022-09-19,227848,227848,7
2022-09-20,227851,227851,8
2022-09-21,227848,227848,11
2022-09-22,227828,227828,4
2022-09-23,227847,227847,21
2022-09-24,227839,227839,17
2022-09-25,227850,227850,10
2022-09-26,227851,227851,7
2022-09-27,227853,227853,9
2022-09-28,227852,227852,17
2022-09-29,229674,229674,11
2022-09-30,230897,230897,0
2022-10-01,230896,230896,7
2022-10-02,230871,230871,8
2022-10-03,230864,230864,16
2022-10-04,230866,230866,10
2022-10-05,230891,230891,17
2022-10-06,230885,230885,8
2022-10-07,230892,230892,5
2022-10-08,230958,230958,7
2022-10-09,230954,230954,2
2022-10-10,230955,230955,5
2022-10-11,230954,230954,15
2022-10-12,230947,230947,12
2022-10-13,230885,230885,3
2022-10-14,232037,232037,5
2022-10-15,232108,232108,12
2022-10-16,232082,232082,7
2022-10-17,232086,232086,12
2022-10-18,232087,232087,9
2022-10-19,232113,232113,9
2022-10-20,232111,232111,9
2022-10-21,232107,232107,6
2022-10-22,232072,232072,5
2022-10-23,232040,232040,3
2022-10-24,232107,232107,9
2022-10-25,232109,232109,5
2022-10-26,232616,232616,5
2022-10-27,232653,232653,8
2022-10-28,232648,232648,8
2022-10-29,232709,232709,16
2022-10-30,232651,232651,8
2022-10-31,232652,232652,8
2022-11-01,232655,232655,4
2022-11-02,232653,232653,14
2022-11-03,233875,233875,6
2022-11-04,232714,232714,13
2022-11-05,233256,233256,18
2022-11-06,233257,233257,14
2022-11-07,233254,233254,14
2022-11-08,233255,233255,7
2022-11-09,233252,233252,14
2022-11-10,233255,233255,9
2022-11-11,233254,233254,5
2022-11-12,233256,233256,4
2022-11-13,233253,233253,10
2022-11-14,233252,233252,3
2022-11-15,233255,233255,11
2022-11-16,233245,233245,8
2022-11-17,233248,233248,5
2022-11-18,234467,234467,8
2022-11-19,234464,234464,11
2022-11-20,234468,234468,7
2022-11-21,234468,234468,7
2022-11-22,234474,234474,4
2022-11-23,234470,234470,4
2022-11-24,234468,234468,2
2022-11-25,234462,234462,2
2022-11-26,234457,234457,10
2022-11-27,234457,234457,5
2022-11-28,234450,234450,12
2022-11-29,234392,234392,10
2022-11-30,234448,234448,8
2022-12-01,234423,234423,10
2022-12-02,234447,234447,12
2022-12-03,235600,235600,8
2022-12-04,235607,235607,10
2022-12-05,235620,235620,8
2022-12-06,235629,235629,5
2022-12-07,235591,235591,3
2022-12-08,235561,235561,3
2022-12-09,235614,235614,12
2022-12-10,235623,235623,0
2022-12-11,235623,235623,8
2022-12-12,235620,235620,7
2022-12-13,235617,235617,17
2022-12-14,235612,235612,9
2022-12-15,235580,235580,14
2022-12-16,235618,235618,4
2022-12-17,235627,235627,10
2022-12-18,235622,235622,7
2022-12-19,235624,235624,18
2022-12-20,235624,235624,11
2022-12-21,235612,235612,12
2022-12-22,235588,235588,3
2022-12-23,235617,235617,10
2022-12-24,235562,235562,3
2022-12-25,235615,235615,4
2022-12-26,235612,235612,8
2022-12-27,235546,235546,6
2022-12-28,235579,235579,1
2022-12-29,235575,235575,3
2022-12-30,235573,235573,1
2022-12-31,235608,235608,0
2023-01-01,235597,235597,3
2023-01-02,235589,235589,2
2023-01-03,235558,235558,14
2023-01-04,235581,235581,4
2023-01-05,235572,235572,5
2023-01-06,235652,235652,14
2023-01-07,235669,235669,17
2023-01-08,235660,235660,8
2023-01-09,235651,235651,10
2023-01-10,236815,236815,8
2023-01-11,236812,236812,25
2023-01-12,236817,236817,14
2023-01-13,236789,236789,13
2023-01-14,236820,236820,9
2023-01-15,236816,236816,9
2023-01-16,236813,236813,2
2023-01-17,236773,236773,11
2023-01-18,236803,236803,9
2023-01-19,238021,238021,12
2023-01-20,238021,238021,4
2023-01-21,238028,238028,12
2023-01-22,238026,238026,13
2023-01-23,238037,238037,15
2023-01-24,238056,238056,9
2023-01-25,238053,238053,17
2023-01-26,238054,238054,13
2023-01-27,238044,238044,7
2023-01-28,237992,237992,7
2023-01-29,237989,237989,5
2023-01-30,237999,237999,6
2023-01-31,238062,238062,4
2023-02-01,238028,238028,25
2023-02-02,238046,238046,2
2023-02-03,238048,238048,8
2023-02-04,238052,238052,13
2023-02-05,238041,238041,9
2023-02-06,238044,238044,8
2023-02-07,238057,238057,9
2023-02-08,238060,238060,12
2023-02-09,238057,238057,9
2023-02-10,238049,238049,9
2023-02-11,238066,238066,13
2023-02-12,239280,239280,9
2023-02-13,239280,239280,14
2023-02-14,239285,239285,5
2023-02-15,240502,240502,7
2023-02-16,240505,240505,8
2023-02-17,240510,240510,8
2023-02-18,240514,240514,4
2023-02-19,240514,240514,7
2023-02-20,240450,240450,3
2023-02-21,240440,240440,7
2023-02-22,240497,240497,10
2023-02-23,240432,240432,4
2023-02-24,240425,240425,4
2023-02-25,241713,241713,8
2023-02-26,241716,241716,11
2023-02-27,241727,241727,15
2023-02-28,241723,241723,10
2023-03-01,241719,241719,7
2023-03-02,241727,241727,12
2023-03-03,241725,241725,11
2023-03-04,241724,241724,6
2023-03-05,241720,241720,7
2023-03-06,241690,241690,9
2023-03-07,241727,241727,9
2023-03-08,241724,241724,13
2023-03-09,241718,241718,18
2023-03-10,241715,241715,5
2023-03-11,241719,241719,12
2023-03-12,241716,241716,9
2023-03-13,241714,241714,11
2023-03-14,241729,241729,6
2023-03-15,241732,241732,16
2023-03-16,241734,241734,8
2023-03-17,241726,241726,8
2023-03-18,241728,241728,10
2023-03-19,151793,151793,5
2023-03-20,240026,240026,5
2023-03-21,241306,241306,21
2023-03-22,241714,241714,49
2023-03-23,241677,241677,29
2023-03-24,241672,241672,17
2023-03-25,241687,241687,17
2023-03-26,241664,241664,12
2023-03-27,241672,241672,17
2023-03-28,241519,241519,15
2023-03-29,241692,241692,7
2023-03-30,241675,241675,6
2023-03-31,241678,241678,0
2023-04-01,241681,241681,12
2023-04-02,241678,241678,15
2023-04-03,241662,241662,6
2023-04-04,241597,241597,15
2023-04-05,241660,241660,39
2023-04-06,241609,241609,13
2023-04-07,241633,241633,29
2023-04-08,240718,240718,25
2023-04-09,240715,240715,17
2023-04-10,240742,240742,23
2023-04-11,240763,240763,38
2023-04-12,240737,240737,31
2023-04-13,72268,72268,6
2023-04-14,241941,241941,22
2023-04-15,241784,241784,19
2023-04-16,72261,72261,2
2023-04-17,241885,241885,24
2023-04-18,241849,241849,25
2023-04-19,241887,241887,32
2023-04-20,241870,241870,26
2023-04-21,241819,241819,26
2023-04-22,241852,241852,11
2023-04-23,242029,242029,6
2023-04-24,242036,242036,18
2023-04-25,241976,241976,10
2023-04-26,243258,243258,17
2023-04-27,243242,243242,27
2023-04-28,243244,243244,19
2023-04-29,243263,243263,21
2023-04-30,243194,243194,7
2023-05-01,243248,243248,17
2023-05-02,243243,243243,21
2023-05-03,243234,243234,32
2023-05-04,243231,243231,25
2023-05-05,243230,243230,22
2023-05-06,243262,243262,27
2023-05-07,243245,243245,7
2023-05-08,243239,243239,11
2023-05-09,243265,243265,24
2023-05-10,243218,243218,33
2023-05-11,243216,243216,17
2023-05-12,243227,243227,12
2023-05-13,243246,243246,12
2023-05-14,243198,243198,16
2023-05-15,243192,243192,10
2023-05-16,243239,243239,15
2023-05-17,243262,243262,18
2023-05-18,243248,243248,17
2023-05-19,243264,243264,10
2023-05-20,243310,243310,15
2023-05-21,243307,243307,5
2023-05-22,243314,243314,11
2023-05-23,243314,243314,11
2023-05-24,243313,243313,13
2023-05-25,243317,243317,20
2023-05-26,243313,243313,13
2023-05-27,243313,243313,11
2023-05-28,243308,243308,10
2023-05-29,244529,244529,3
2023-05-30,244518,244518,7
2023-05-31,245702,245702,9
2023-06-01,245708,245708,21
2023-06-02,245696,245696,10
2023-06-03,245757,245757,6
2023-06-04,245759,245759,9
2023-06-05,245753,245753,9
2023-06-06,245722,245722,7
2023-06-07,245757,245757,11
2023-06-08,245753,245753,10
2023-06-09,245725,245725,9
2023-06-10,245757,245757,7
2023-06-11,245756,245756,3
2023-06-12,245755,245755,24
2023-06-13,245752,245752,2
2023-06-14,245758,245758,26
2023-06-15,245758,245758,30
2023-06-16,245756,245756,12
2023-06-17,245760,245760,11
2023-06-18,245759,245759,7
2023-06-19,245759,245759,18
2023-06-20,245724,245724,4
2023-06-21,245729,245729,5
2023-06-22,245680,245680,8
2023-06-23,245728,245728,8
2023-06-24,245730,245730,7
2023-06-25,245733,245733,13
2023-06-26,245722,245722,10
2023-06-27,245732,245732,13
2023-06-28,245752,245752,7
2023-06-29,245751,245751,11
2023-06-30,245757,245757,16
2023-07-01,245757,245757,14
2023-07-02,245758,245758,7
2023-07-03,245727,245727,8
2023-07-04,245720,245720,7
2023-07-05,153328,153328,3
2023-07-06,245722,245722,12
2023-07-07,245708,245708,11
2023-07-08,245722,245722,5
2023-07-09,245756,245756,4
2023-07-10,245758,245758,7
2023-07-11,245751,245751,10
2023-07-12,245690,245690,15
2023-07-13,245726,245726,10
2023-07-14,245753,245753,9
2023-07-15,245755,245755,9
2023-07-16,245695,245695,5
2023-07-17,245686,245686,6
2023-07-18,256486,256486,14
2023-07-19,257757,257757,11
2023-07-20,257775,257775,9
2023-07-21,257774,257774,13
2023-07-22,257776,257776,8
2023-07-23,257742,257742,11
2023-07-24,257764,257764,7
2023-07-25,257766,257766,8
2023-07-26,257757,257757,13
2023-07-27,258974,258974,21
2023-07-28,258972,258972,17
2023-07-29,258977,258977,8
2023-07-30,258979,258979,11
2023-07-31,258974,258974,8
2023-08-01,258976,258976,13
2023-08-02,258970,258970,12
2023-08-03,258974,258974,15
2023-08-04,258975,258975,12
2023-08-05,258916,258916,5
2023-08-06,258978,258978,6
2023-08-07,258977,258977,14
2023-08-08,258972,258972,6
2023-08-09,258935,258935,12
2023-08-10,258936,258936,16
2023-08-11,258970,258970,10
2023-08-12,258976,258976,7
2023-08-13,258973,258973,15
2023-08-14,258971,258971,4
2023-08-15,260178,260178,12
2023-08-16,260134,260134,18
2023-08-17,260191,260191,9
2023-08-18,260198,260198,12
2023-08-19,260190,260190,7
2023-08-20,260192,260192,11
2023-08-21,260187,260187,13
2023-08-22,260186,260186,18
2023-08-23,261399,261399,16
2023-08-24,261410,261410,12
2023-08-25,261379,261379,22
2023-08-26,260426,260426,16
2023-08-27,260495,260495,12
2023-08-28,260498,260498,3
2023-08-29,261668,261668,5
2023-08-30,261693,261693,20
2023-08-31,260777,260777,25
2023-09-01,260779,260779,10
2023-09-02,260777,260777,14
2023-09-03,259847,259847,1
2023-09-04,259853,259853,5
2023-09-05,259846,259846,9
2023-09-06,261044,261044,18
2023-09-07,261065,261065,14
2023-09-08,261072,261072,11
2023-09-09,261077,261077,15
2023-09-10,260147,260147,4
2023-09-11,260151,260151,7
2023-09-12,260151,260151,7
2023-09-13,260152,260152,19
2023-09-14,261346,261346,31
2023-09-15,261354,261354,16
2023-09-16,261321,261321,3
2023-09-17,261356,261356,8
2023-09-18,261356,261356,20
2023-09-19,261354,261354,11
2023-09-20,261346,261346,7
2023-09-21,261354,261354,4
2023-09-22,262556,262556,17
2023-09-23,263774,263774,6
2023-09-24,263775,263775,8
2023-09-25,263770,263770,9
2023-09-26,263770,263770,10
2023-09-27,262846,262846,7
2023-09-28,262779,262779,9
2023-09-29,262791,262791,3
2023-09-30,263992,263992,0
2023-10-01,265193,265193,7
2023-10-02,265183,265183,18
2023-10-03,266373,266373,10
2023-10-04,266370,266370,8
2023-10-05,266435,266435,13
2023-10-06,266448,266448,9
2023-10-07,266453,266453,8
2023-10-08,266453,266453,7
2023-10-09,266453,266453,6
2023-10-10,266452,266452,18
2023-10-11,267487,267487,20
2023-10-12,268209,268209,20
2023-10-13,268217,268217,13
2023-10-14,268215,268215,13
2023-10-15,268216,268216,10
2023-10-16,268176,268176,24
2023-10-17,268197,268197,7
2023-10-18,268193,268193,14
2023-10-19,268197,268197,21
2023-10-20,268208,268208,25
2023-10-21,268210,268210,6
2023-10-22,268219,268219,9
2023-10-23,268215,268215,10
2023-10-24,268209,268209,9
2023-10-25,268197,268197,5
2023-10-26,268205,268205,19
2023-10-27,268200,268200,15
2023-10-28,268178,268178,5
2023-10-29,267292,267292,13
2023-10-30,267296,267296,12
2023-10-31,268493,268493,7
2023-11-01,269692,269692,12
2023-11-02,269694,269694,26
2023-11-03,268769,268769,15
2023-11-04,269969,269969,8
2023-11-05,269973,269973,9
2023-11-06,269973,269973,29
2023-11-07,269970,269970,17
2023-11-08,269963,269963,14
2023-11-09,271109,271109,15
2023-11-10,271171,271171,15
2023-11-11,271170,271170,12
2023-11-12,271167,271167,7
2023-11-13,271176,271176,14
2023-11-14,271174,271174,19
2023-11-15,271162,271162,8
2023-11-16,271167,271167,10
2023-11-17,271166,271166,19
2023-11-18,271160,271160,11
2023-11-19,271134,271134,17
2023-11-20,272366,272366,5
2023-11-21,272363,272363,9
2023-11-22,272355,272355,16
2023-11-23,272366,272366,8
2023-11-24,272351,272351,8
2023-11-25,272309,272309,8
2023-11-26,272340,272340,22
2023-11-27,272346,272346,14
2023-11-28,272464,272464,6
2023-11-29,273541,273541,17
2023-11-30,273552,273552,25
2023-12-01,273559,273559,11
2023-12-02,273557,273557,10
2023-12-03,271726,271726,13
2023-12-04,271697,271697,9
2023-12-05,271721,271721,11
2023-12-06,271722,271722,9
2023-12-07,271720,271720,12
2023-12-08,269888,269888,12
2023-12-09,269884,269884,6
2023-12-10,269894,269894,8
2023-12-11,269890,269890,9
2023-12-12,269884,269884,15
2023-12-13,269881,269881,16
2023-12-14,269885,269885,12
2023-12-15,269888,269888,10
2023-12-16,269872,269872,15
2023-12-17,269883,269883,12
2023-12-18,207751,207751,11
2023-12-19,256348,256348,7
2023-12-20,271088,271088,21
2023-12-21,273507,273507,10
2023-12-22,274707,274707,8
2023-12-23,274708,274708,9
2023-12-24,274706,274706,1
2023-12-25,274702,274702,0
2023-12-26,274691,274691,2
2023-12-27,274656,274656,0
2023-12-28,274651,274651,2
2023-12-29,274659,274659,0
2023-12-30,274653,274653,0
2023-12-31,274667,274667,0
